1, "Mirandola", "Valentina", 20001, "F4EAD8CC247950AB", "5273AB294FBA5FFA", "f", "9/11/2001", 70060, "Australiana", "n", "s", NULL, NULL, "2018/2019", 4, "3F78", 9, 1
2, "Russo", "Giacomo", 20002, "DADFFDFF08D7CC17", "F0BECCA1B8E3EF0F", "f", "31/1/2002", 70006, "Australiana", "s", "s", NULL, NULL, "2018/2019", 2, "7E22", 8, 3
3, "Russo", "Roberto", 20003, "CFF7B935E4B4F21E", "2BE7ABBCC55CEBAB", "m", "28/12/2000", 70029, "Albanese", "n", "n", NULL, NULL, "2018/2019", 1, "E3A7", 9, 1
4, "Rossi", "Maria", 20004, "E15DBAA9288BA22A", "74DF8E641ADEBEBA", "m", "12/5/2007", 70005, "Tedesca", "s", "s", NULL, NULL, "2018/2019", 1, "D3BD", 7, 1
5, "Verdi", "Alex", 20005, "D15CFADBC8F2C9B6", "EFFD2F5B5ADEDEBE", "m", "24/7/2002", 70043, "Arabica", "n", "s", NULL, NULL, "2018/2019", 2, "CD7E", 8, 2
6, "Russo", "Tiziano", 20006, "376AAECD6BEEDCBF", "93665BE9D8A1B9CA", "m", "17/3/2010", 70061, "Francese", "s", "n", NULL, NULL, "2018/2019", 3, "11C2", 7, 3
7, "Bianchi", "Elia", 20007, "43428AECDB5CF0E0", "BEEE6071A3B2C97C", "m", "15/3/2009", 70037, "Italiana", "s", "s", NULL, NULL, "2018/2019", 5, "EC24", 9, 2
8, "Rossi", "Elia", 20008, "1AA0F784853C1B11", "B0BF8311EF2FFB59", "m", "31/9/2001", 70035, "Italiana", "s", "n", NULL, NULL, "2018/2019", 1, "993A", 8, 3
9, "Rossi", "Tiziano", 20009, "82CC6C4AA7A3AA0D", "8655D7E2A7501744", "f", "17/10/2009", 70050, "Tedesca", "s", "s", NULL, NULL, "2018/2019", 1, "91C4", 6, 2
10, "Valentini", "Lucia", 20010, "B56FE1A4BBC96FB2", "F02B7CACEE36F8FC", "m", "6/8/2004", 70026, "Italiana", "n", "n", NULL, NULL, "2018/2019", 5, "58D0", 6, 1
11, "Russo", "Giuseppe", 20011, "D77D63A9FE281EA8", "F8B7FCAC99A449A5", "m", "9/8/2006", 70050, "Tedesca", "n", "n", NULL, NULL, "2018/2019", 5, "AB2E", 9, 1
12, "Scalco", "Tiziano", 20012, "E59A0F40196CC023", "F4EAD8CC247950AB", "f", "14/5/2001", 70001, "Tedesca", "s", "n", NULL, NULL, "2018/2019", 2, "B7FE", 6, 2
13, "Mirandola", "Antonio", 20013, "CFFAFD1E4D78EAF6", "BC0D1701DFEF6091", "f", "26/5/2006", 70008, "Albanese", "s", "s", NULL, NULL, "2018/2019", 5, "CAD9", 10, 2
14, "Rossi", "Antonio", 20014, "ADFFA739DD347EAF", "8B337A37DAAD273A", "f", "16/2/2001", 70016, "Francese", "n", "n", NULL, NULL, "2018/2019", 4, "8A55", 7, 1
15, "Bianchi", "Maria", 20015, "F0539EFB3D52ADBD", "D3E28DA3D6DA5DAA", "m", "21/6/2006", 70043, "Australiana", "n", "s", NULL, NULL, "2018/2019", 1, "12FA", 9, 3
16, "Russo", "Valentina", 20016, "AF0E2C7C2BE55AC6", "8488D92BA5EAC712", "m", "12/2/2009", 70018, "Turca", "s", "s", NULL, NULL, "2018/2019", 2, "96F7", 7, 2
17, "Valentini", "Lucia", 20017, "74C8AE4CEBACCAD3", "2CD3BAB2D75DDF2F", "f", "12/4/2006", 70040, "Spagnola", "n", "s", NULL, NULL, "2018/2019", 1, "6D9D", 6, 2
18, "Bianchi", "Maria", 20018, "BAD36AA5AEC31DA1", "CC7ABE1E8C9EB1CA", "f", "11/4/2003", 70047, "Spagnola", "s", "s", NULL, NULL, "2018/2019", 4, "0B9B", 7, 3
19, "Rossi", "Tiziano", 20019, "3FC549C1F8EA5738", "FAFCE2DF6EA7668A", "m", "12/8/2003", 70040, "Italiana", "s", "s", NULL, NULL, "2018/2019", 1, "B50D", 10, 1
20, "Mirandola", "Alex", 20020, "547DA9182D705759", "0BA4CAA4DDD3DFBB", "m", "29/11/2005", 70003, "Italiana", "n", "n", NULL, NULL, "2018/2019", 3, "BA2D", 10, 2
21, "Valentini", "Fabio", 20021, "4D2B143E44FBBEEF", "6317FA062ED8600C", "f", "26/12/2008", 70027, "Spagnola", "n", "n", NULL, NULL, "2018/2019", 5, "256A", 9, 1
22, "Valentini", "Giacomo", 20022, "FCFBE6EEC1F1F3DF", "98B5E1071947AC9E", "m", "21/12/2005", 70022, "Turca", "s", "n", NULL, NULL, "2018/2019", 5, "EFE3", 6, 2
23, "Russo", "Giuseppe", 20023, "3FBCBEEC72465B35", "EEAF4AA0CAABEAEE", "m", "11/1/2007", 70046, "Arabica", "s", "n", NULL, NULL, "2018/2019", 4, "187E", 10, 1
24, "Scalco", "Fabio", 20024, "8EDF98AD45F5DE9C", "698CA30BFEBBFE1F", "m", "13/7/2005", 70006, "Francese", "s", "n", NULL, NULL, "2018/2019", 1, "173B", 8, 2
25, "Valentini", "Maria", 20025, "EA7C1EE7CB4CDDCF", "C8C501D4EB51CF06", "f", "5/12/2004", 70056, "Arabica", "s", "n", NULL, NULL, "2018/2019", 5, "BDD9", 7, 3
26, "Giannini", "Giacomo", 20026, "EC116A5C334DB35C", "6AF6EE9CDBC7E6F8", "f", "27/12/2004", 70056, "Polacca", "s", "n", NULL, NULL, "2018/2019", 4, "FA8F", 7, 2
27, "Scalco", "Roberto", 20027, "DD5B6A8A29A2634A", "D77D63A9FE281EA8", "f", "18/3/2010", 70025, "Albanese", "s", "s", NULL, NULL, "2018/2019", 1, "ECCD", 10, 2
28, "Mirandola", "Alex", 20028, "7BF9B89CC6646ADC", "CFFAFD1E4D78EAF6", "m", "11/2/2003", 70000, "Australiana", "n", "n", NULL, NULL, "2018/2019", 3, "D37B", 6, 3
29, "Rossi", "Elia", 20029, "C4BE1FDCAEFC59AA", "FAA8CF7AC4A20C30", "m", "1/3/2006", 70035, "Albanese", "n", "n", NULL, NULL, "2018/2019", 3, "27C8", 9, 1
30, "Scalco", "Fabio", 20030, "2A30EED40CAEDCAA", "13A9DBDE56B18ED1", "f", "16/7/2010", 70073, "Francese", "s", "n", NULL, NULL, "2018/2019", 4, "AEB9", 8, 3
31, "Russo", "Tiziano", 20031, "C8C501D4EB51CF06", "C3F070F4EBCCF0DC", "f", "31/5/2006", 70019, "Spagnola", "n", "s", NULL, NULL, "2018/2019", 2, "7DCD", 10, 2
32, "Bianchi", "Giacomo", 20032, "30316520A34FEBEF", "D3E20BD978E5F6F0", "f", "21/11/2004", 70063, "Tedesca", "n", "n", NULL, NULL, "2018/2019", 5, "4ABA", 7, 3
33, "Rossi", "Roberto", 20033, "DEB4F15BE4F9B5A8", "FF11C3CFBDEE43A6", "f", "11/2/2004", 70056, "Albanese", "n", "n", NULL, NULL, "2018/2019", 5, "89DB", 6, 3
34, "Valentini", "Tiziano", 20034, "DCCCD2FCCEAC6CAD", "BB4FFCC46BB9B02B", "m", "22/9/2004", 70019, "Francese", "n", "s", NULL, NULL, "2018/2019", 5, "B88A", 10, 1
35, "Roberti", "Giuseppe", 20035, "3B7ED7772AFBB033", "DCC2775605EA5ECD", "m", "30/11/2008", 70031, "Albanese", "n", "s", NULL, NULL, "2018/2019", 4, "EAD0", 7, 2
36, "Verdi", "Maria", 20036, "AB0DBA55FC8EFCA2", "7E0E20FC01A925EB", "m", "18/9/2008", 70001, "Italiana", "n", "n", NULL, NULL, "2018/2019", 2, "D6CF", 7, 2
37, "Roberti", "Lucia", 20037, "4A43A0A4ACA5EE3D", "8A7DCA44AB35BBFF", "m", "21/12/2008", 70062, "Tedesca", "s", "s", NULL, NULL, "2018/2019", 5, "3AE9", 7, 3
38, "Verdi", "Valentina", 20038, "E9AEBDD19E8FC06C", "3DAD69CCB7A7CF9D", "f", "25/5/2008", 70048, "Australiana", "s", "s", NULL, NULL, "2018/2019", 5, "7ADE", 9, 2
39, "Rossi", "Giacomo", 20039, "3DCEEE4CB9D06155", "7B2890D6EC6B316C", "m", "19/1/2003", 70063, "Arabica", "n", "s", NULL, NULL, "2018/2019", 2, "DC2D", 6, 1
40, "Mirandola", "Giacomo", 20040, "E4DAA6EBFCDEE45E", "0EBEEFCAC25EDD92", "f", "18/3/2000", 70061, "Albanese", "n", "n", NULL, NULL, "2018/2019", 3, "CF3F", 9, 2
41, "Roberti", "Giacomo", 20041, "DEFEBF5ABE22DF41", "923EE9B6064FA5AF", "f", "16/12/2002", 70021, "Australiana", "s", "s", NULL, NULL, "2018/2019", 1, "82CE", 8, 2
42, "Roberti", "Giuseppe", 20042, "A8715AFDE0E5E4CE", "064367A5DE9FCEA5", "f", "26/7/2009", 70069, "Albanese", "s", "n", NULL, NULL, "2018/2019", 2, "7EE8", 9, 1
43, "Roberti", "Roberto", 20043, "2E3654D2C4C50CF1", "6AAE678CC21DEADE", "f", "3/5/2005", 70064, "Tedesca", "n", "n", NULL, NULL, "2018/2019", 3, "C1DC", 10, 1
44, "Mirandola", "Lucia", 20044, "8A7DCA44AB35BBFF", "BC0D1701DFEF6091", "f", "30/7/2004", 70031, "Turca", "s", "s", NULL, NULL, "2018/2019", 3, "DFFD", 9, 3
45, "Verdi", "Giacomo", 20045, "0B740C844EDA3ACA", "CEF63FBFBD0BB205", "f", "15/2/2005", 70007, "Francese", "n", "n", NULL, NULL, "2018/2019", 2, "0EF4", 6, 2
46, "Roberti", "Alex", 20046, "2DAABE2DFF786574", "B84ECC7CEE9FFC1D", "f", "8/1/2001", 70041, "Turca", "n", "n", NULL, NULL, "2018/2019", 3, "DFBA", 8, 3
47, "Giannini", "Alex", 20047, "B083AEE6C09ECBFF", "24CC0D19D2BFF7E9", "f", "2/9/2007", 70043, "Australiana", "n", "s", NULL, NULL, "2018/2019", 5, "DB09", 7, 1
48, "Roberti", "Roberto", 20048, "BAFE617CD3E9BE64", "F97DF2CAF4D3B2A7", "f", "22/9/2009", 70011, "Turca", "s", "s", NULL, NULL, "2018/2019", 2, "A504", 10, 3
49, "Mirandola", "Antonio", 20049, "58D93948BC95EF1A", "6FE48787DC127313", "m", "18/8/2001", 70019, "Francese", "n", "n", NULL, NULL, "2018/2019", 4, "5D2C", 9, 1
50, "Rossi", "Giacomo", 20050, "E2DCD79B361B30E6", "1F7C8A7D4CECFBAF", "f", "14/11/2010", 70073, "Arabica", "s", "s", NULL, NULL, "2018/2019", 4, "AE5C", 6, 1
51, "Roberti", "Roberto", 20051, "1BD8C7ACDDF4FF71", "EC3BFC8A222F59BA", "m", "30/9/2006", 70054, "Turca", "s", "n", NULL, NULL, "2018/2019", 3, "C850", 10, 2
52, "Rossi", "Lucia", 20052, "90294C2C7ADEF5C7", "7D1E5FDBAFF8AB0A", "f", "17/4/2005", 70015, "Albanese", "n", "s", NULL, NULL, "2018/2019", 5, "296E", 8, 1
53, "Valentini", "Giuseppe", 20053, "EDEDEB416651ABDF", "AFF68FB6DA8DDAF6", "m", "13/5/2004", 70046, "Polacca", "n", "s", NULL, NULL, "2018/2019", 3, "699C", 9, 1
54, "Valentini", "Valentina", 20054, "DB1E4E067BC1EC4A", "2204A97FE2BD9C28", "m", "17/6/2001", 70020, "Spagnola", "s", "s", NULL, NULL, "2018/2019", 2, "AAFB", 6, 2
55, "Roberti", "Tiziano", 20055, "DDAC1D49BAC60DBF", "58D93948BC95EF1A", "m", "17/1/2005", 70009, "Australiana", "n", "s", NULL, NULL, "2018/2019", 3, "C5C9", 8, 1
56, "Mirandola", "Lucia", 20056, "1ECCFA5D7D1285A3", "F9AC57DC9A1479AC", "f", "1/5/2004", 70071, "Albanese", "s", "n", NULL, NULL, "2018/2019", 5, "416D", 9, 3
57, "Scalco", "Maria", 20057, "83CACC7ADFBFEFD6", "BA1477164CD33852", "f", "9/2/2002", 70013, "Polacca", "s", "n", NULL, NULL, "2018/2019", 3, "ABF4", 10, 3
58, "Rossi", "Giuseppe", 20058, "923EE9B6064FA5AF", "BA1477164CD33852", "m", "5/8/2002", 70035, "Spagnola", "n", "s", NULL, NULL, "2018/2019", 5, "EBDE", 7, 2
59, "Giannini", "Fabio", 20059, "49C0ED7DAE8621B1", "0BB7A6DE78EDD9F7", "m", "1/8/2006", 70035, "Australiana", "n", "s", NULL, NULL, "2018/2019", 5, "597F", 6, 2
60, "Russo", "Roberto", 20060, "D8DBDE3B200A6BE8", "57F76DC9F5FB712D", "m", "25/12/2005", 70017, "Arabica", "s", "n", NULL, NULL, "2018/2019", 2, "15A9", 8, 2
61, "Russo", "Valentina", 20061, "7EA6429748A79BCD", "7ECB7DEFEF6C3ADA", "f", "4/5/2009", 70050, "Polacca", "n", "s", NULL, NULL, "2018/2019", 4, "CA17", 8, 2
62, "Valentini", "Lucia", 20062, "34FBD1A0C3968F1D", "6B062BEB2814C7F6", "m", "5/3/2002", 70062, "Turca", "n", "n", NULL, NULL, "2018/2019", 1, "F5CC", 6, 3
63, "Verdi", "Giuseppe", 20063, "00DBBC3DB11FBB17", "DEA8B867CF0ED331", "m", "31/12/2001", 70038, "Turca", "n", "n", NULL, NULL, "2018/2019", 3, "AD5D", 10, 2
64, "Roberti", "Emanuele", 20064, "75DBDB9FAF9FAB05", "1F60E31D17DE8BFC", "f", "26/8/2008", 70015, "Arabica", "s", "n", NULL, NULL, "2018/2019", 1, "FC3F", 6, 3
65, "Valentini", "Alex", 20065, "C5FE9D39A26EA9B0", "698CA30BFEBBFE1F", "f", "8/10/2006", 70057, "Francese", "n", "s", NULL, NULL, "2018/2019", 4, "EAE6", 7, 3
66, "Bianchi", "Lucia", 20066, "6D44C69D0DD43F43", "15FC8FAA88AA83D6", "m", "27/3/2010", 70029, "Australiana", "n", "n", NULL, NULL, "2018/2019", 3, "9BCC", 8, 2
67, "Valentini", "Giacomo", 20067, "698CA30BFEBBFE1F", "26DD3AF84BCD8ACD", "f", "4/9/2006", 70021, "Turca", "s", "s", NULL, NULL, "2018/2019", 1, "1122", 8, 3
68, "Bianchi", "Elia", 20068, "83824D056D1475FB", "DD7FB7C753EC66BC", "m", "6/9/2001", 70050, "Spagnola", "s", "s", NULL, NULL, "2018/2019", 3, "BF2C", 9, 3
69, "Russo", "Elia", 20069, "CA8053ED3704AAFF", "DE00CAEC6AEBC6FC", "m", "23/1/2008", 70068, "Francese", "s", "n", NULL, NULL, "2018/2019", 2, "B7EA", 8, 1
70, "Mirandola", "Giacomo", 20070, "AFF28FBF80DFA5B8", "3E6237FFECDECAA7", "f", "1/4/2007", 70002, "Arabica", "s", "s", NULL, NULL, "2018/2019", 4, "EFEF", 8, 1
71, "Valentini", "Emanuele", 20071, "EA86F97DBEEC1A2A", "EF4F5BA630BEDB1A", "m", "23/11/2002", 70074, "Spagnola", "n", "n", NULL, NULL, "2018/2019", 4, "0CE3", 9, 2
72, "Verdi", "Fabio", 20072, "8B337A37DAAD273A", "DDD0DB3BB14D6EAF", "f", "1/3/2007", 70014, "Turca", "s", "s", NULL, NULL, "2018/2019", 5, "D3DF", 6, 2
73, "Valentini", "Roberto", 20073, "CC63D4C1E7B7BDA5", "1F60E31D17DE8BFC", "f", "3/9/2004", 70025, "Polacca", "n", "s", NULL, NULL, "2018/2019", 2, "FF74", 7, 1
74, "Valentini", "Emanuele", 20074, "DCAF5BEA7B875CBD", "CD3DCCAC7A50DA86", "f", "3/1/2006", 70054, "Francese", "s", "n", NULL, NULL, "2018/2019", 4, "5C1E", 7, 1
75, "Giannini", "Alex", 20075, "6B8B84E7356F1C44", "DD5B6A8A29A2634A", "f", "25/12/2002", 70042, "Arabica", "n", "s", NULL, NULL, "2018/2019", 2, "5C8F", 7, 2
76, "Valentini", "Giuseppe", 20076, "8704568F8CFBAF79", "FFFC4F258C58BEA6", "f", "29/10/2009", 70013, "Spagnola", "s", "s", NULL, NULL, "2018/2019", 5, "5B58", 9, 3
77, "Mirandola", "Emanuele", 20077, "FD66E5F89C8EE895", "0DAAC02BB93ABC54", "m", "19/5/2003", 70010, "Albanese", "s", "n", NULL, NULL, "2018/2019", 3, "DD6E", 10, 3
78, "Rossi", "Antonio", 20078, "FA3F5BF8CCAB0AB0", "BD97AEFDDFDDE5BD", "m", "27/11/2005", 70020, "Albanese", "s", "n", NULL, NULL, "2018/2019", 5, "F93C", 9, 3
79, "Valentini", "Alex", 20079, "FFCFC97A0B8E45EC", "EF4F5BA630BEDB1A", "f", "7/10/2006", 70028, "Arabica", "n", "n", NULL, NULL, "2018/2019", 5, "2FED", 6, 3
80, "Scalco", "Valentina", 20080, "D2FE3EDE4846D0DD", "F9FCEF6FCBFAD80A", "m", "10/10/2009", 70038, "Arabica", "n", "s", NULL, NULL, "2018/2019", 2, "CC1C", 10, 3
81, "Giannini", "Roberto", 20081, "78CF627CFFA6D4FA", "923EE9B6064FA5AF", "f", "11/6/2005", 70054, "Francese", "s", "s", NULL, NULL, "2018/2019", 2, "AE4F", 10, 1
82, "Russo", "Giacomo", 20082, "A44DC08EBE7C5EAE", "E5ACA4F2C53BDB0C", "f", "4/4/2000", 70025, "Spagnola", "n", "s", NULL, NULL, "2018/2019", 2, "3F32", 7, 2
83, "Roberti", "Alex", 20083, "EB9ACAF4CD5495CA", "05AE7FEA7DEC2B7D", "f", "18/5/2005", 70043, "Tedesca", "n", "n", NULL, NULL, "2018/2019", 3, "94CD", 10, 2
84, "Russo", "Lucia", 20084, "E0B823BEC674DEA2", "2CD3BAB2D75DDF2F", "m", "3/5/2010", 70056, "Italiana", "s", "s", NULL, NULL, "2018/2019", 3, "ABBC", 10, 3
85, "Rossi", "Lucia", 20085, "28642B3CD8F8FEAE", "BE64BEA97270EA27", "m", "11/2/2006", 70060, "Polacca", "n", "n", NULL, NULL, "2018/2019", 5, "4AAF", 7, 1
86, "Scalco", "Lucia", 20086, "22C73FB131960EFE", "46DB1EAF467FE4F1", "m", "31/10/2010", 70038, "Turca", "s", "n", NULL, NULL, "2018/2019", 3, "AD75", 7, 3
87, "Verdi", "Giacomo", 20087, "5F1C5F8BFEBEB149", "FD66E5F89C8EE895", "m", "18/2/2004", 70048, "Australiana", "s", "s", NULL, NULL, "2018/2019", 5, "7CD5", 8, 3
88, "Valentini", "Tiziano", 20088, "1BAB01C4CD4AEE0D", "1F60E31D17DE8BFC", "f", "19/10/2006", 70056, "Francese", "n", "n", NULL, NULL, "2018/2019", 1, "E99A", 6, 3
89, "Giannini", "Roberto", 20089, "8A3208ADE5C82B1F", "BBBEBDEF33EEB309", "m", "6/3/2009", 70030, "Albanese", "n", "n", NULL, NULL, "2018/2019", 5, "A3FF", 8, 2
90, "Roberti", "Lucia", 20090, "9ADBE8DB1E2D2591", "DCAF5BEA7B875CBD", "f", "7/12/2008", 70020, "Tedesca", "s", "s", NULL, NULL, "2018/2019", 4, "43AF", 6, 1
91, "Scalco", "Antonio", 20091, "A5DA6CD11C61E323", "E2A0CD21ADEE8B9E", "m", "18/8/2004", 70033, "Arabica", "n", "s", NULL, NULL, "2018/2019", 5, "15FE", 6, 1
92, "Rossi", "Emanuele", 20092, "84FAFBED7770ACEB", "8BF0A9F6619DEDDA", "f", "3/4/2000", 70020, "Albanese", "n", "n", NULL, NULL, "2018/2019", 2, "96B9", 9, 1
93, "Giannini", "Fabio", 20093, "B39C758086A40AD9", "6CE4E2040B653047", "f", "1/12/2003", 70058, "Francese", "n", "s", NULL, NULL, "2018/2019", 5, "6AF4", 6, 2
94, "Roberti", "Maria", 20094, "EBEFC26CA28482FB", "1573BBCAD7DBD137", "m", "29/6/2004", 70010, "Polacca", "n", "s", NULL, NULL, "2018/2019", 4, "0AEE", 6, 2
95, "Verdi", "Tiziano", 20095, "F716B7B7FD8DD3DC", "E59A0F40196CC023", "f", "26/10/2006", 70037, "Tedesca", "n", "n", NULL, NULL, "2018/2019", 1, "CF2F", 7, 3
96, "Valentini", "Tiziano", 20096, "E46904360CED3532", "E5ACA4F2C53BDB0C", "f", "24/11/2009", 70062, "Spagnola", "n", "s", NULL, NULL, "2018/2019", 1, "A4FB", 10, 1
97, "Roberti", "Giacomo", 20097, "1E6734B874AD7588", "DE9BA61E2A5FACBC", "m", "17/7/2000", 70055, "Turca", "s", "s", NULL, NULL, "2018/2019", 3, "CE9D", 6, 1
98, "Russo", "Roberto", 20098, "F23979AA0B59F28B", "5A90BC2E7ABF6F77", "f", "25/5/2007", 70043, "Polacca", "s", "n", NULL, NULL, "2018/2019", 3, "DD7B", 7, 1
99, "Rossi", "Tiziano", 20099, "5CDC65FF40ACEB6D", "8C05CE9A464B0497", "f", "22/8/2007", 70060, "Polacca", "n", "n", NULL, NULL, "2018/2019", 2, "CABD", 7, 3
100, "Rossi", "Maria", 20100, "B47FA7E3B5FCC4B7", "B39C758086A40AD9", "f", "17/4/2005", 70007, "Albanese", "n", "n", NULL, NULL, "2018/2019", 3, "8DB3", 8, 3
101, "Valentini", "Maria", 20101, "2185CD0F7E2914D0", "FCDA3D4B2CFEB02C", "f", "3/6/2010", 70016, "Turca", "s", "n", NULL, NULL, "2018/2019", 4, "7B8D", 9, 2
102, "Roberti", "Giacomo", 20102, "D3E20BD978E5F6F0", "4AA2F4B8AC53A23B", "m", "19/5/2010", 70060, "Spagnola", "s", "s", NULL, NULL, "2018/2019", 3, "AA2C", 10, 3
103, "Russo", "Giacomo", 20103, "65F62EBD6420F5ED", "DE9BA61E2A5FACBC", "f", "1/12/2009", 70033, "Arabica", "n", "s", NULL, NULL, "2018/2019", 2, "CFF7", 7, 3
104, "Mirandola", "Emanuele", 20104, "F97DF2CAF4D3B2A7", "2204A97FE2BD9C28", "f", "14/11/2002", 70069, "Francese", "n", "s", NULL, NULL, "2018/2019", 5, "E58B", 9, 1
105, "Scalco", "Alex", 20105, "A702699BB36B6EF7", "8EDF98AD45F5DE9C", "m", "23/9/2006", 70009, "Italiana", "s", "n", NULL, NULL, "2018/2019", 4, "65F2", 6, 3
106, "Russo", "Lucia", 20106, "F9FCEF6FCBFAD80A", "B35B4ECDC960BA2B", "f", "3/11/2010", 70041, "Francese", "n", "s", NULL, NULL, "2018/2019", 5, "CDAF", 10, 2
107, "Giannini", "Fabio", 20107, "8E04B9C3C1CCC5FC", "62A2DDC3ECCE8D9A", "f", "3/11/2006", 70023, "Spagnola", "n", "n", NULL, NULL, "2018/2019", 4, "82A8", 6, 2
108, "Valentini", "Alex", 20108, "EF656A4F2F98BA1F", "DC0CC63E7F55AFF2", "m", "22/1/2004", 70048, "Albanese", "n", "n", NULL, NULL, "2018/2019", 5, "CDC1", 6, 3
109, "Scalco", "Giuseppe", 20109, "DB0DD54B0E77BF9D", "22C73FB131960EFE", "m", "21/4/2006", 70041, "Albanese", "s", "s", NULL, NULL, "2018/2019", 1, "A0C0", 7, 3
110, "Russo", "Elia", 20110, "22FA8DB0F15F84EA", "E9625FBF3BDE9B6F", "m", "25/9/2003", 70068, "Italiana", "n", "s", NULL, NULL, "2018/2019", 1, "5689", 9, 2
111, "Scalco", "Tiziano", 20111, "6AAE678CC21DEADE", "40CCA665F2C9A6D6", "f", "3/7/2005", 70032, "Tedesca", "n", "s", NULL, NULL, "2018/2019", 3, "AC42", 10, 2
112, "Roberti", "Tiziano", 20112, "E63FBCB28AFBEFBC", "CC8C32D1F7EBBCED", "f", "13/8/2006", 70012, "Italiana", "n", "n", NULL, NULL, "2018/2019", 3, "7ECD", 7, 1
113, "Roberti", "Emanuele", 20113, "BCE67B3DAF7EDBFC", "BD97AEFDDFDDE5BD", "f", "8/4/2009", 70005, "Tedesca", "n", "s", NULL, NULL, "2018/2019", 1, "BCC9", 10, 2
114, "Bianchi", "Alex", 20114, "BF65531E7BA15841", "20F2EE77F03AF18D", "m", "1/9/2002", 70024, "Italiana", "s", "s", NULL, NULL, "2018/2019", 4, "3FFB", 10, 1
115, "Verdi", "Roberto", 20115, "C3F070F4EBCCF0DC", "61B43659DF616743", "f", "17/2/2006", 70051, "Francese", "s", "s", NULL, NULL, "2018/2019", 1, "09E1", 6, 2
116, "Scalco", "Elia", 20116, "C1B1CDE6E53F3C5C", "0BB7A6DE78EDD9F7", "f", "24/12/2009", 70020, "Spagnola", "n", "s", NULL, NULL, "2018/2019", 2, "E5DD", 8, 3
117, "Mirandola", "Emanuele", 20117, "F7BA6FF6582636AB", "A8715AFDE0E5E4CE", "f", "29/2/2004", 70049, "Polacca", "n", "s", NULL, NULL, "2018/2019", 4, "FEA6", 8, 3
118, "Rossi", "Maria", 20118, "B0CEF91ED5642E37", "5E23C5B8D7DEF693", "m", "15/12/2007", 70061, "Francese", "s", "n", NULL, NULL, "2018/2019", 3, "A3EC", 10, 3
119, "Valentini", "Elia", 20119, "AC42AB9C63B1965C", "7D30FF4B291BA6DA", "m", "22/11/2006", 70006, "Tedesca", "s", "s", NULL, NULL, "2018/2019", 4, "0DC5", 8, 2
120, "Russo", "Lucia", 20120, "5FE9BC3C6568E1B1", "5A90BC2E7ABF6F77", "f", "13/9/2004", 70020, "Italiana", "s", "n", NULL, NULL, "2018/2019", 5, "AD2A", 7, 3
121, "Bianchi", "Giacomo", 20121, "09BABAF8EE6793B0", "510BAAD91FC21D2C", "m", "15/4/2010", 70073, "Turca", "n", "n", NULL, NULL, "2018/2019", 4, "3B4C", 8, 1
122, "Rossi", "Maria", 20122, "7C68E2774FE5918E", "5CDC65FF40ACEB6D", "f", "12/5/2009", 70036, "Spagnola", "s", "s", NULL, NULL, "2018/2019", 1, "CBD3", 8, 3
123, "Giannini", "Lucia", 20123, "72E49BCB6D1651CC", "FAFCE2DF6EA7668A", "m", "12/3/2008", 70033, "Australiana", "n", "n", NULL, NULL, "2018/2019", 3, "0FC0", 7, 3
124, "Russo", "Elia", 20124, "D9EEAA19ABDC5FCA", "2A30EED40CAEDCAA", "m", "3/4/2009", 70059, "Polacca", "n", "n", NULL, NULL, "2018/2019", 2, "2D75", 9, 3
125, "Bianchi", "Giuseppe", 20125, "C6626C4FBBDA3FEA", "EA86F97DBEEC1A2A", "m", "9/11/2008", 70063, "Turca", "n", "n", NULL, NULL, "2018/2019", 2, "905E", 9, 2
126, "Mirandola", "Elia", 20126, "EF4F5BA630BEDB1A", "05A61B741F0D2BD8", "m", "9/3/2003", 70064, "Francese", "s", "s", NULL, NULL, "2018/2019", 4, "CACF", 9, 3
127, "Mirandola", "Fabio", 20127, "6B062BEB2814C7F6", "A31F30CAC34B79DE", "m", "1/8/2008", 70024, "Italiana", "s", "n", NULL, NULL, "2018/2019", 3, "ACEA", 7, 1
128, "Bianchi", "Antonio", 20128, "E5ACA4F2C53BDB0C", "0BB7A6DE78EDD9F7", "f", "30/10/2001", 70014, "Albanese", "n", "n", NULL, NULL, "2018/2019", 2, "2194", 7, 1
129, "Bianchi", "Alex", 20129, "BEEE6071A3B2C97C", "18EEDDC7409DC5AD", "f", "15/7/2005", 70062, "Spagnola", "n", "s", NULL, NULL, "2018/2019", 3, "6EAA", 10, 2
130, "Russo", "Antonio", 20130, "CACE3DB8E2D09674", "3FC549C1F8EA5738", "m", "29/4/2008", 70060, "Arabica", "n", "n", NULL, NULL, "2018/2019", 1, "D2C2", 9, 3
131, "Mirandola", "Valentina", 20131, "46DB1EAF467FE4F1", "FAA8CF7AC4A20C30", "m", "3/4/2006", 70034, "Australiana", "s", "s", NULL, NULL, "2018/2019", 4, "ACE5", 6, 1
132, "Russo", "Valentina", 20132, "BEFFED73B816EDAA", "CC8C32D1F7EBBCED", "m", "15/10/2001", 70010, "Arabica", "s", "n", NULL, NULL, "2018/2019", 5, "B11B", 6, 3
133, "Rossi", "Alex", 20133, "B68E1E69B40B45A6", "E2DAAED852EEC719", "f", "24/4/2002", 70014, "Spagnola", "n", "s", NULL, NULL, "2018/2019", 3, "FE2C", 8, 2
134, "Rossi", "Elia", 20134, "A7AFBF444DE6A8AD", "F7BA6FF6582636AB", "m", "10/5/2010", 70040, "Australiana", "n", "n", NULL, NULL, "2018/2019", 5, "EEB4", 8, 2
135, "Bianchi", "Maria", 20135, "05AE7FEA7DEC2B7D", "3DF59D3F56706BE8", "f", "11/11/2007", 70063, "Francese", "n", "n", NULL, NULL, "2018/2019", 2, "CDFC", 10, 3
136, "Verdi", "Roberto", 20136, "F0A2EFBD996C53E7", "B105A5D5CEB7140D", "m", "12/12/2003", 70066, "Australiana", "n", "n", NULL, NULL, "2018/2019", 2, "C516", 8, 1
137, "Mirandola", "Lucia", 20137, "C9F71D40BFFF2AB9", "7456F2BBEC8C2C0F", "f", "24/10/2002", 70034, "Italiana", "n", "n", NULL, NULL, "2018/2019", 2, "5C55", 8, 2
138, "Bianchi", "Antonio", 20138, "3DAD69CCB7A7CF9D", "EB99BACA7315ADB5", "m", "7/5/2001", 70067, "Francese", "n", "n", NULL, NULL, "2018/2019", 2, "9BD4", 10, 2
139, "Russo", "Valentina", 20139, "ABF8BC18CFD5A147", "2AECE80426B8BADA", "m", "9/11/2004", 70017, "Australiana", "s", "n", NULL, NULL, "2018/2019", 5, "D2C1", 6, 1
140, "Giannini", "Tiziano", 20140, "C302EE0FB6A92E82", "4D8AE0DE1883D68A", "f", "1/11/2009", 70006, "Italiana", "n", "s", NULL, NULL, "2018/2019", 4, "EBAD", 6, 2
141, "Bianchi", "Fabio", 20141, "4D331EB717A86E00", "B5B4AEA5BB2F7E5C", "f", "22/2/2009", 70006, "Albanese", "s", "s", NULL, NULL, "2018/2019", 1, "95E7", 9, 2
142, "Giannini", "Fabio", 20142, "A2DB027B131A8EE4", "DB1E4E067BC1EC4A", "f", "7/9/2009", 70006, "Spagnola", "s", "n", NULL, NULL, "2018/2019", 4, "9360", 8, 1
143, "Scalco", "Antonio", 20143, "5273AB294FBA5FFA", "909EABC0A1B4879D", "m", "2/7/2001", 70069, "Arabica", "n", "s", NULL, NULL, "2018/2019", 3, "3EF4", 9, 2
144, "Bianchi", "Emanuele", 20144, "8C05CE9A464B0497", "05AE7FEA7DEC2B7D", "m", "14/3/2003", 70047, "Francese", "s", "n", NULL, NULL, "2018/2019", 1, "FB1D", 9, 2
145, "Valentini", "Alex", 20145, "B0EA6C54E0406CD2", "84FAFBED7770ACEB", "f", "16/6/2009", 70046, "Italiana", "s", "n", NULL, NULL, "2018/2019", 5, "530E", 10, 3
146, "Valentini", "Alex", 20146, "4B7FF7FFFAAEB0DA", "48E1E4EBC3EA25A0", "m", "25/2/2005", 70062, "Spagnola", "s", "s", NULL, NULL, "2018/2019", 1, "A428", 9, 2
147, "Roberti", "Antonio", 20147, "777BBC54AF800A8C", "83824D056D1475FB", "m", "8/11/2001", 70061, "Spagnola", "n", "s", NULL, NULL, "2018/2019", 1, "AA6A", 7, 1
148, "Giannini", "Lucia", 20148, "E3DFA36EC39BFDD5", "6ADD06FABA900756", "f", "11/11/2009", 70002, "Arabica", "n", "s", NULL, NULL, "2018/2019", 4, "FE72", 8, 3
149, "Mirandola", "Alex", 20149, "C7D3B02DAFAD8FCD", "4BF760B460A27BF2", "m", "12/10/2004", 70050, "Turca", "n", "s", NULL, NULL, "2018/2019", 5, "A7D6", 7, 3
150, "Russo", "Tiziano", 20150, "DD7FB7C753EC66BC", "7CC5EBB8B326A892", "m", "11/3/2000", 70036, "Spagnola", "s", "s", NULL, NULL, "2018/2019", 5, "B21B", 6, 1
151, "Mirandola", "Emanuele", 20151, "A239FDEA1CA93AF2", "C3F070F4EBCCF0DC", "f", "7/10/2004", 70010, "Tedesca", "s", "s", NULL, NULL, "2018/2019", 5, "EA4E", 6, 2
152, "Verdi", "Elia", 20152, "B8BEA99E93EED3A6", "CA78A707EC3F49D9", "m", "31/12/2007", 70023, "Turca", "n", "s", NULL, NULL, "2018/2019", 5, "AFC8", 7, 1
153, "Verdi", "Antonio", 20153, "DA64AD08EF4C89C2", "DDF0472C5BBCFA7E", "f", "25/9/2004", 70054, "Francese", "n", "s", NULL, NULL, "2018/2019", 1, "4B7D", 9, 3
154, "Valentini", "Giacomo", 20154, "185FEB231CB92B3F", "D8DBDE3B200A6BE8", "f", "8/6/2001", 70034, "Australiana", "n", "n", NULL, NULL, "2018/2019", 5, "5CC1", 8, 1
155, "Mirandola", "Lucia", 20155, "6E9FFCF7DFA78DEF", "1F60E31D17DE8BFC", "f", "26/10/2005", 70004, "Albanese", "s", "n", NULL, NULL, "2018/2019", 1, "0246", 7, 3
156, "Mirandola", "Valentina", 20156, "7E0E20FC01A925EB", "1ECCFA5D7D1285A3", "f", "8/8/2000", 70042, "Australiana", "n", "n", NULL, NULL, "2018/2019", 5, "DEB6", 7, 2
157, "Bianchi", "Maria", 20157, "4E4AAEE2DDECCFA3", "3BD8CB2DAC9EB0BB", "m", "15/7/2007", 70001, "Francese", "n", "s", NULL, NULL, "2018/2019", 4, "6E6F", 9, 2
158, "Valentini", "Giacomo", 20158, "106F16FBF7CA2E4F", "FFBEE9278AF7AE12", "f", "27/1/2007", 70003, "Tedesca", "n", "n", NULL, NULL, "2018/2019", 1, "28DF", 8, 2
159, "Russo", "Giacomo", 20159, "3BD8CB2DAC9EB0BB", "DB0DD54B0E77BF9D", "m", "7/4/2000", 70023, "Polacca", "n", "s", NULL, NULL, "2018/2019", 5, "E0EA", 10, 3
160, "Valentini", "Valentina", 20160, "CDE4A070FF58C79C", "7D30FF4B291BA6DA", "f", "1/3/2010", 70027, "Francese", "s", "n", NULL, NULL, "2018/2019", 4, "A9FD", 9, 3
161, "Bianchi", "Giacomo", 20161, "E2DAAED852EEC719", "9E47FF0CCBECFC62", "f", "14/2/2002", 70065, "Australiana", "s", "n", NULL, NULL, "2018/2019", 1, "8195", 6, 2
162, "Mirandola", "Antonio", 20162, "FFFC4F258C58BEA6", "13A9DBDE56B18ED1", "m", "18/5/2006", 70065, "Tedesca", "s", "s", NULL, NULL, "2018/2019", 4, "4545", 10, 3
163, "Bianchi", "Roberto", 20163, "EAEA90FDB34A1519", "FB55A8CECAEA074D", "m", "21/9/2009", 70011, "Polacca", "n", "n", NULL, NULL, "2018/2019", 1, "79BB", 9, 3
164, "Russo", "Lucia", 20164, "1B6884A33DFE9A2B", "36A7BBCE96FC5DA0", "m", "13/5/2000", 70011, "Italiana", "n", "n", NULL, NULL, "2018/2019", 4, "399F", 7, 3
165, "Roberti", "Elia", 20165, "8AA783ACCAFBB5C6", "BAD36AA5AEC31DA1", "m", "4/5/2007", 70032, "Polacca", "n", "s", NULL, NULL, "2018/2019", 1, "B31B", 6, 3
166, "Rossi", "Antonio", 20166, "57F76DC9F5FB712D", "E4F4A39D7E31900B", "f", "30/11/2000", 70014, "Polacca", "n", "s", NULL, NULL, "2018/2019", 3, "FBF7", 9, 1
167, "Russo", "Maria", 20167, "48CDBFA9D87D5874", "185FEB231CB92B3F", "f", "29/11/2007", 70018, "Tedesca", "n", "s", NULL, NULL, "2018/2019", 1, "92EA", 8, 1
168, "Mirandola", "Emanuele", 20168, "EC3BFC8A222F59BA", "F8F9EADC16964B9C", "m", "17/10/2005", 70004, "Turca", "s", "s", NULL, NULL, "2018/2019", 4, "5DDE", 9, 1
169, "Russo", "Fabio", 20169, "06A3C66DFEF9D76E", "F02B7CACEE36F8FC", "f", "27/2/2000", 70023, "Australiana", "s", "s", NULL, NULL, "2018/2019", 1, "54D1", 8, 1
170, "Giannini", "Roberto", 20170, "6A1FC130AEEFBCAA", "28642B3CD8F8FEAE", "m", "6/10/2008", 70036, "Italiana", "n", "n", NULL, NULL, "2018/2019", 1, "8ED4", 6, 1
171, "Rossi", "Antonio", 20171, "AB5A27CE9F40CF81", "1E6734B874AD7588", "m", "28/4/2007", 70059, "Albanese", "n", "n", NULL, NULL, "2018/2019", 4, "52F2", 9, 2
172, "Verdi", "Maria", 20172, "AABA18A4C271140A", "7B2890D6EC6B316C", "f", "3/7/2000", 70054, "Polacca", "s", "n", NULL, NULL, "2018/2019", 3, "E4F4", 7, 2
173, "Scalco", "Lucia", 20173, "E3CC1A4EBD23690B", "F8F9EADC16964B9C", "m", "22/11/2004", 70073, "Albanese", "s", "n", NULL, NULL, "2018/2019", 5, "39BA", 8, 1
174, "Bianchi", "Alex", 20174, "D4FB1CCBAEA2C3EC", "4F3CBB02DFEDE6CB", "m", "15/3/2008", 70035, "Francese", "n", "n", NULL, NULL, "2018/2019", 1, "DF90", 6, 1
175, "Valentini", "Maria", 20175, "C2BEA08F1D8ABABA", "C48C7EB37EE961DB", "m", "26/7/2001", 70010, "Albanese", "n", "n", NULL, NULL, "2018/2019", 3, "E91A", 7, 3
176, "Bianchi", "Emanuele", 20176, "45C2B3DCB84A2B4F", "EE71FCF30EF6BEBE", "m", "20/11/2009", 70020, "Turca", "n", "s", NULL, NULL, "2018/2019", 4, "DC6F", 6, 3
177, "Bianchi", "Emanuele", 20177, "E41F662BA176529A", "1573BBCAD7DBD137", "m", "13/1/2001", 70057, "Francese", "s", "n", NULL, NULL, "2018/2019", 2, "3BFC", 9, 3
178, "Roberti", "Roberto", 20178, "6DBEA55FFF5AF88E", "BA1477164CD33852", "f", "18/12/2002", 70061, "Italiana", "s", "n", NULL, NULL, "2018/2019", 3, "AA35", 6, 3
179, "Roberti", "Giuseppe", 20179, "DAC86E1C4B161628", "A83BECB7EBF1B845", "f", "13/9/2000", 70043, "Turca", "n", "s", NULL, NULL, "2018/2019", 3, "7A9D", 8, 2
180, "Scalco", "Antonio", 20180, "1573BBCAD7DBD137", "5E23C5B8D7DEF693", "f", "11/6/2003", 70059, "Arabica", "s", "n", NULL, NULL, "2018/2019", 5, "B1EB", 7, 3
181, "Verdi", "Giuseppe", 20181, "D4A89A7F2FDC30D9", "A93C4DE6C949AD0B", "f", "28/8/2009", 70011, "Tedesca", "n", "s", NULL, NULL, "2018/2019", 1, "9A8F", 6, 3
182, "Verdi", "Antonio", 20182, "93BBFACB49A3FC1A", "AD2AC2FAB05BFDC1", "f", "16/4/2007", 70004, "Tedesca", "s", "s", NULL, NULL, "2018/2019", 4, "BD4D", 8, 3
183, "Scalco", "Valentina", 20183, "AFCFE33BB79BF7CB", "AA905AE6D3188BB4", "m", "11/4/2001", 70055, "Polacca", "n", "n", NULL, NULL, "2018/2019", 3, "40B8", 10, 2
184, "Verdi", "Giuseppe", 20184, "D53CEC79C7A75A50", "166B4DA43CB8BD3F", "f", "10/1/2003", 70070, "Arabica", "s", "s", NULL, NULL, "2018/2019", 5, "EBFF", 9, 3
185, "Mirandola", "Alex", 20185, "3FEA2DDFE72DF6FD", "64218F3FDE04066F", "m", "23/8/2008", 70047, "Tedesca", "n", "s", NULL, NULL, "2018/2019", 4, "91FE", 9, 2
186, "Mirandola", "Elia", 20186, "AF4E3D3AC53D8D0A", "CA6F7CADDD7972BF", "f", "24/1/2002", 70038, "Tedesca", "s", "s", NULL, NULL, "2018/2019", 4, "A584", 10, 2
187, "Rossi", "Valentina", 20187, "2CDC39F4C49F5B6F", "C2C1CD8EE9AFBBEC", "f", "2/1/2002", 70048, "Arabica", "s", "s", NULL, NULL, "2018/2019", 1, "E1F5", 9, 3
188, "Giannini", "Giuseppe", 20188, "E9348F8FCABFD3DD", "1EC19BEDD6B57A33", "m", "3/7/2006", 70065, "Albanese", "n", "n", NULL, NULL, "2018/2019", 1, "A2AC", 10, 2
189, "Scalco", "Fabio", 20189, "DC0CC63E7F55AFF2", "BEFFED73B816EDAA", "m", "14/2/2010", 70051, "Turca", "n", "n", NULL, NULL, "2018/2019", 4, "92A9", 6, 1
190, "Giannini", "Tiziano", 20190, "A7CE5AAEAD38D705", "9FF3A5B00D96FD6C", "f", "26/7/2002", 70073, "Francese", "s", "n", NULL, NULL, "2018/2019", 1, "7AA8", 7, 1
191, "Bianchi", "Valentina", 20191, "B105A5D5CEB7140D", "FD6B10AE2BD0ADA6", "m", "21/6/2002", 70028, "Australiana", "n", "s", NULL, NULL, "2018/2019", 5, "BCFD", 9, 3
192, "Russo", "Roberto", 20192, "1F1F964F60C9A88E", "FCC39BABA1FCAEDF", "f", "28/3/2009", 70023, "Polacca", "s", "n", NULL, NULL, "2018/2019", 5, "5EB4", 8, 2
193, "Verdi", "Maria", 20193, "410019519430DC27", "1F1F964F60C9A88E", "m", "29/4/2008", 70048, "Arabica", "n", "s", NULL, NULL, "2018/2019", 1, "CDBF", 10, 3
194, "Rossi", "Tiziano", 20194, "5AC7FE859E31CE81", "FDFB6EF49BFD4A4F", "m", "22/5/2009", 70042, "Tedesca", "n", "s", NULL, NULL, "2018/2019", 4, "AE29", 10, 2
195, "Russo", "Giacomo", 20195, "B5B4AEA5BB2F7E5C", "BAFE617CD3E9BE64", "m", "21/1/2010", 70062, "Arabica", "n", "n", NULL, NULL, "2018/2019", 4, "9A61", 9, 1
196, "Scalco", "Elia", 20196, "A24245FEE2CB5D0F", "68AE3CCD4BEA448D", "m", "27/3/2003", 70038, "Francese", "s", "s", NULL, NULL, "2018/2019", 3, "9AEF", 6, 2
197, "Rossi", "Giuseppe", 20197, "BB4FFCC46BB9B02B", "D3CF244DAFACADF9", "f", "4/2/2008", 70041, "Francese", "n", "n", NULL, NULL, "2018/2019", 1, "FD18", 10, 3
198, "Giannini", "Giacomo", 20198, "7CE1CE5F84E9E66B", "7CC5EBB8B326A892", "f", "5/8/2010", 70012, "Francese", "s", "s", NULL, NULL, "2018/2019", 4, "FBF1", 6, 3
199, "Roberti", "Giacomo", 20199, "5F74ECFE4EAABAA8", "DF8D7BCECA2ABDCE", "m", "29/2/2007", 70018, "Francese", "n", "n", NULL, NULL, "2018/2019", 3, "BB0C", 7, 1
200, "Rossi", "Antonio", 20200, "C1AEBEE4E6C3CD54", "B7B41E913D1CA99C", "f", "6/7/2009", 70014, "Turca", "n", "n", NULL, NULL, "2018/2019", 5, "FFA9", 10, 3
201, "Roberti", "Tiziano", 20201, "A33ABDB8BA816DFF", "2E4FD3021D9BB3A5", "f", "10/9/2007", 70040, "Polacca", "n", "n", NULL, NULL, "2018/2019", 2, "86C4", 8, 1
202, "Roberti", "Giacomo", 20202, "3A0FCBE4EB9DBCF6", "B39C758086A40AD9", "m", "22/7/2000", 70004, "Italiana", "s", "s", NULL, NULL, "2018/2019", 4, "DB80", 7, 3
203, "Rossi", "Giacomo", 20203, "8FB60EABBB4BDE41", "58D93948BC95EF1A", "f", "5/11/2001", 70011, "Arabica", "n", "s", NULL, NULL, "2018/2019", 3, "494E", 7, 2
204, "Roberti", "Fabio", 20204, "DDDFD9EBBD703FBB", "FAA8CF7AC4A20C30", "f", "10/12/2010", 70020, "Polacca", "s", "n", NULL, NULL, "2018/2019", 4, "FFFF", 10, 2
205, "Valentini", "Lucia", 20205, "FAA0BFF61B6BEF9C", "E0B823BEC674DEA2", "m", "15/2/2010", 70071, "Arabica", "n", "s", NULL, NULL, "2018/2019", 4, "76C1", 6, 1
206, "Mirandola", "Lucia", 20206, "DEA8B867CF0ED331", "D4A89A7F2FDC30D9", "m", "23/7/2007", 70069, "Albanese", "s", "n", NULL, NULL, "2018/2019", 5, "E97B", 7, 2
207, "Roberti", "Tiziano", 20207, "3705AF7AD7DE677C", "BE0F1EDCA019AFFB", "f", "6/10/2003", 70043, "Turca", "s", "n", NULL, NULL, "2018/2019", 3, "EE9F", 6, 3
208, "Giannini", "Fabio", 20208, "87CCCC6BDCB6CEC9", "F0A2EFBD996C53E7", "f", "6/5/2002", 70043, "Turca", "s", "s", NULL, NULL, "2018/2019", 4, "ABDD", 8, 3
209, "Rossi", "Alex", 20209, "AEAD9474C46BD078", "106F16FBF7CA2E4F", "m", "24/4/2000", 70027, "Francese", "s", "n", NULL, NULL, "2018/2019", 2, "FAF3", 8, 1
210, "Russo", "Fabio", 20210, "A62FABDBCD54B758", "78CF627CFFA6D4FA", "m", "1/11/2007", 70017, "Albanese", "n", "n", NULL, NULL, "2018/2019", 2, "BA11", 9, 2
211, "Mirandola", "Lucia", 20211, "BCE8C6AC5ED2AEED", "ADBAEAFEBA7929B3", "f", "7/2/2000", 70073, "Spagnola", "n", "s", NULL, NULL, "2018/2019", 1, "49F1", 7, 1
212, "Verdi", "Tiziano", 20212, "B7B41E913D1CA99C", "F7BA6FF6582636AB", "m", "14/8/2010", 70022, "Polacca", "s", "s", NULL, NULL, "2018/2019", 2, "BCEA", 8, 1
213, "Scalco", "Roberto", 20213, "90C1BFEBF746DF20", "B5B4AEA5BB2F7E5C", "f", "20/10/2010", 70018, "Australiana", "s", "n", NULL, NULL, "2018/2019", 4, "CBC8", 9, 1
214, "Roberti", "Maria", 20214, "D94A1381CD4BBF7F", "AF0E2C7C2BE55AC6", "f", "25/6/2003", 70036, "Polacca", "s", "n", NULL, NULL, "2018/2019", 1, "BA48", 10, 2
215, "Rossi", "Elia", 20215, "4CFFEF7CB11F7CC5", "E3E4CBEBF8C16FEB", "f", "12/8/2009", 70074, "Francese", "s", "s", NULL, NULL, "2018/2019", 5, "D4A4", 6, 2
216, "Scalco", "Roberto", 20216, "D1E92AF9AFC72DCC", "8A7DCA44AB35BBFF", "m", "12/9/2000", 70013, "Arabica", "s", "s", NULL, NULL, "2018/2019", 3, "21F0", 7, 1
217, "Bianchi", "Giuseppe", 20217, "FDDFD1BCB28A445C", "A2DB027B131A8EE4", "m", "11/7/2004", 70003, "Polacca", "s", "n", NULL, NULL, "2018/2019", 4, "04BD", 10, 1
218, "Rossi", "Elia", 20218, "13A9DBDE56B18ED1", "FDDFD1BCB28A445C", "m", "30/1/2007", 70003, "Tedesca", "n", "n", NULL, NULL, "2018/2019", 1, "AC6F", 9, 3
219, "Rossi", "Antonio", 20219, "BC117DCBD9ABB0A6", "44F728EF3DDEB9AE", "f", "27/8/2006", 70007, "Francese", "s", "n", NULL, NULL, "2018/2019", 4, "BA4D", 9, 1
220, "Roberti", "Giacomo", 20220, "5BA23F5D1B6CB89B", "0CFE87CA71BEBDC8", "m", "24/6/2004", 70045, "Polacca", "s", "n", NULL, NULL, "2018/2019", 2, "1EDD", 10, 2
221, "Verdi", "Alex", 20221, "0EBEEFCAC25EDD92", "FF5B1520FEAAA85F", "m", "14/4/2002", 70022, "Arabica", "s", "s", NULL, NULL, "2018/2019", 5, "41D8", 8, 1
222, "Valentini", "Antonio", 20222, "D93325B9B42B5CF3", "BEEE6071A3B2C97C", "m", "22/3/2005", 70028, "Arabica", "n", "s", NULL, NULL, "2018/2019", 1, "568F", 9, 1
223, "Rossi", "Elia", 20223, "4AA2F4B8AC53A23B", "D78B34B4B4CF3DCD", "f", "2/12/2010", 70050, "Albanese", "n", "s", NULL, NULL, "2018/2019", 2, "96B2", 9, 2
224, "Roberti", "Giacomo", 20224, "FEFFF5B9F0483CAF", "8FB60EABBB4BDE41", "m", "14/5/2009", 70025, "Tedesca", "n", "s", NULL, NULL, "2018/2019", 5, "C2EC", 6, 3
225, "Scalco", "Antonio", 20225, "38535AA07EDBAAB1", "CC63D4C1E7B7BDA5", "f", "6/12/2007", 70032, "Albanese", "s", "s", NULL, NULL, "2018/2019", 4, "DBF2", 9, 1
226, "Verdi", "Elia", 20226, "A31F4BD13BFF6489", "D94A1381CD4BBF7F", "m", "24/5/2008", 70004, "Italiana", "n", "s", NULL, NULL, "2018/2019", 3, "FBFB", 8, 3
227, "Valentini", "Roberto", 20227, "C1FD4E6E8C6DBB82", "D93325B9B42B5CF3", "m", "15/1/2006", 70050, "Spagnola", "s", "s", NULL, NULL, "2018/2019", 2, "FCDE", 8, 1
228, "Verdi", "Giuseppe", 20228, "1F60E31D17DE8BFC", "E0B823BEC674DEA2", "m", "1/2/2008", 70022, "Italiana", "s", "s", NULL, NULL, "2018/2019", 4, "B7BB", 8, 1
229, "Verdi", "Alex", 20229, "BB635CFBAC8FCF3B", "8A5E31CD7A3EE818", "f", "30/1/2002", 70073, "Francese", "s", "s", NULL, NULL, "2018/2019", 2, "B45D", 6, 3
230, "Scalco", "Antonio", 20230, "98B5E1071947AC9E", "5BA23F5D1B6CB89B", "m", "21/12/2003", 70060, "Polacca", "s", "s", NULL, NULL, "2018/2019", 4, "2DC6", 8, 3
231, "Mirandola", "Emanuele", 20231, "E247F1F5B9F7AEBA", "6AF6EE9CDBC7E6F8", "m", "31/9/2006", 70051, "Albanese", "s", "n", NULL, NULL, "2018/2019", 3, "55BD", 10, 1
232, "Valentini", "Fabio", 20232, "01F361BA0341BCE8", "06A3C66DFEF9D76E", "m", "19/5/2006", 70036, "Australiana", "n", "n", NULL, NULL, "2018/2019", 3, "8BDF", 7, 3
233, "Scalco", "Elia", 20233, "D3E28DA3D6DA5DAA", "DCF95559687BCC23", "m", "23/3/2009", 70007, "Australiana", "s", "n", NULL, NULL, "2018/2019", 2, "CF12", 7, 2
234, "Rossi", "Giacomo", 20234, "578C45D6A2D151D4", "86281078CC94566A", "f", "11/12/2003", 70053, "Australiana", "n", "n", NULL, NULL, "2018/2019", 1, "FEAC", 10, 1
235, "Bianchi", "Valentina", 20235, "9BBAF34CAB2EB1F7", "6ADD06FABA900756", "f", "5/2/2007", 70067, "Italiana", "s", "s", NULL, NULL, "2018/2019", 2, "98FD", 10, 3
236, "Giannini", "Fabio", 20236, "CA78A707EC3F49D9", "578C45D6A2D151D4", "f", "8/7/2004", 70007, "Polacca", "n", "s", NULL, NULL, "2018/2019", 5, "5C75", 8, 3
237, "Russo", "Elia", 20237, "DE9BA61E2A5FACBC", "1F7C8A7D4CECFBAF", "f", "8/1/2010", 70057, "Spagnola", "n", "s", NULL, NULL, "2018/2019", 2, "CE54", 10, 2
238, "Verdi", "Giacomo", 20238, "AEA06BB1FFEDF6A3", "FEE019AC366BA8A9", "f", "7/3/2007", 70049, "Francese", "n", "n", NULL, NULL, "2018/2019", 2, "BA3F", 8, 1
239, "Scalco", "Fabio", 20239, "CD3DCCAC7A50DA86", "DDAC1D49BAC60DBF", "f", "9/4/2005", 70020, "Spagnola", "s", "n", NULL, NULL, "2018/2019", 4, "5EDA", 10, 2
240, "Mirandola", "Giuseppe", 20240, "62F481BD73FB08A5", "DCC3AAAAE31AEEF5", "m", "6/4/2004", 70019, "Polacca", "n", "n", NULL, NULL, "2018/2019", 5, "2796", 6, 3
241, "Mirandola", "Antonio", 20241, "FBEC9F43EBAAE4FE", "72E49BCB6D1651CC", "m", "1/5/2005", 70066, "Italiana", "n", "n", NULL, NULL, "2018/2019", 4, "B103", 7, 3
242, "Scalco", "Emanuele", 20242, "48E1E4EBC3EA25A0", "B0BF8311EF2FFB59", "f", "16/9/2008", 70059, "Italiana", "n", "n", NULL, NULL, "2018/2019", 2, "4B3F", 6, 1
243, "Bianchi", "Fabio", 20243, "F4565CA3A15C1A7A", "3DCEEE4CB9D06155", "m", "28/6/2010", 70020, "Arabica", "n", "s", NULL, NULL, "2018/2019", 3, "8AFF", 7, 3
244, "Roberti", "Emanuele", 20244, "AABDE741E10F4AE6", "E6CB69E555C8327F", "m", "27/11/2007", 70040, "Italiana", "s", "s", NULL, NULL, "2018/2019", 1, "C97B", 6, 2
245, "Verdi", "Valentina", 20245, "EF67BC262B6A424C", "3BFDE585E1FDEACB", "f", "10/11/2010", 70054, "Albanese", "n", "n", NULL, NULL, "2018/2019", 3, "D0F4", 6, 1
246, "Roberti", "Giuseppe", 20246, "68AE3CCD4BEA448D", "DB1E4E067BC1EC4A", "f", "6/9/2004", 70017, "Italiana", "s", "n", NULL, NULL, "2018/2019", 1, "5BAF", 9, 2
247, "Rossi", "Maria", 20247, "5D6FADCBD19F79B8", "BAD36AA5AEC31DA1", "m", "4/6/2008", 70055, "Tedesca", "s", "n", NULL, NULL, "2018/2019", 3, "364E", 6, 3
248, "Giannini", "Antonio", 20248, "A5AFABB6FC82A88F", "FFBEE9278AF7AE12", "f", "12/8/2002", 70050, "Polacca", "n", "s", NULL, NULL, "2018/2019", 1, "181C", 6, 3
249, "Mirandola", "Roberto", 20249, "ADE1FC505BA680AF", "2B4E49E9BC15F7EE", "f", "2/6/2008", 70045, "Polacca", "n", "s", NULL, NULL, "2018/2019", 3, "75DD", 9, 1
250, "Mirandola", "Antonio", 20250, "E3BF7C57ED2AB13C", "CFF7B935E4B4F21E", "f", "22/2/2001", 70058, "Spagnola", "s", "s", NULL, NULL, "2018/2019", 4, "5BDD", 7, 3
251, "Valentini", "Elia", 20251, "5ED4DEDD906CE705", "13A9DBDE56B18ED1", "f", "15/7/2000", 70040, "Francese", "n", "s", NULL, NULL, "2018/2019", 5, "6ED6", 8, 1
252, "Rossi", "Giuseppe", 20252, "CAABFB5AEC6F6AA5", "C9F71D40BFFF2AB9", "f", "23/1/2001", 70045, "Italiana", "s", "s", NULL, NULL, "2018/2019", 2, "ED85", 8, 3
253, "Scalco", "Roberto", 20253, "EE71FCF30EF6BEBE", "2B4E49E9BC15F7EE", "m", "26/11/2007", 70014, "Arabica", "n", "n", NULL, NULL, "2018/2019", 2, "B7A3", 6, 1
254, "Bianchi", "Giuseppe", 20254, "F85A55B316B5D1A1", "CD0CF41B9F9E04BC", "f", "8/2/2009", 70024, "Tedesca", "n", "s", NULL, NULL, "2018/2019", 1, "A4DF", 7, 3
255, "Roberti", "Roberto", 20255, "C606B5DF8EA2545A", "4BF760B460A27BF2", "m", "29/4/2009", 70016, "Turca", "s", "s", NULL, NULL, "2018/2019", 2, "CC5C", 7, 2
256, "Verdi", "Fabio", 20256, "25BB7CBD4A9E9B8B", "C9F71D40BFFF2AB9", "m", "10/8/2001", 70032, "Australiana", "n", "n", NULL, NULL, "2018/2019", 2, "4F90", 9, 1
257, "Giannini", "Giuseppe", 20257, "C1FB2D4E0BFFBDB8", "D15CFADBC8F2C9B6", "m", "25/7/2000", 70006, "Arabica", "s", "s", NULL, NULL, "2018/2019", 2, "A98E", 8, 2
258, "Russo", "Tiziano", 20258, "4849DE2A8FDD8FAB", "3E7FAAE7DACAD2EA", "m", "1/3/2000", 70037, "Italiana", "s", "s", NULL, NULL, "2018/2019", 4, "ADAC", 7, 1
259, "Roberti", "Fabio", 20259, "4F3CBB02DFEDE6CB", "DEFEBF5ABE22DF41", "f", "26/10/2002", 70011, "Italiana", "n", "s", NULL, NULL, "2018/2019", 5, "E160", 10, 1
260, "Valentini", "Elia", 20260, "24CC0D19D2BFF7E9", "0B740C844EDA3ACA", "m", "26/2/2006", 70024, "Albanese", "n", "s", NULL, NULL, "2018/2019", 3, "A4E9", 6, 2
261, "Giannini", "Elia", 20261, "0BB7A6DE78EDD9F7", "34FBD1A0C3968F1D", "f", "29/10/2004", 70059, "Francese", "n", "s", NULL, NULL, "2018/2019", 1, "BE8A", 9, 1
262, "Rossi", "Emanuele", 20262, "FBBD163ECD9BEC42", "FEFFF5B9F0483CAF", "m", "25/12/2010", 70017, "Italiana", "s", "n", NULL, NULL, "2018/2019", 1, "323C", 6, 3
263, "Scalco", "Tiziano", 20263, "FFBEE9278AF7AE12", "B68E1E69B40B45A6", "m", "21/5/2009", 70047, "Tedesca", "s", "n", NULL, NULL, "2018/2019", 5, "674E", 7, 3
264, "Bianchi", "Giacomo", 20264, "664F9BCBC2980ABD", "777BBC54AF800A8C", "m", "28/9/2006", 70049, "Tedesca", "n", "s", NULL, NULL, "2018/2019", 5, "250D", 6, 2
265, "Rossi", "Antonio", 20265, "F682EE2BFE7DEE2A", "AA8BC1F5C83B91AF", "m", "10/12/2010", 70063, "Spagnola", "s", "s", NULL, NULL, "2018/2019", 2, "C261", 7, 3
266, "Valentini", "Roberto", 20266, "9E47FF0CCBECFC62", "4BF760B460A27BF2", "f", "11/8/2001", 70065, "Turca", "s", "s", NULL, NULL, "2018/2019", 5, "0305", 9, 3
267, "Giannini", "Valentina", 20267, "909EABC0A1B4879D", "D3CF244DAFACADF9", "f", "9/6/2001", 70047, "Turca", "n", "s", NULL, NULL, "2018/2019", 5, "F5A3", 7, 2
268, "Russo", "Maria", 20268, "DDF0472C5BBCFA7E", "4F39CC0A2FDFAACD", "f", "13/9/2010", 70056, "Turca", "s", "n", NULL, NULL, "2018/2019", 1, "C9EE", 6, 3
269, "Scalco", "Tiziano", 20269, "CC7ABE1E8C9EB1CA", "DD7FB7C753EC66BC", "f", "22/8/2002", 70075, "Arabica", "n", "n", NULL, NULL, "2018/2019", 1, "EA2E", 6, 2
270, "Verdi", "Roberto", 20270, "DEDBB1FEE5DE98EB", "49C0ED7DAE8621B1", "f", "28/2/2003", 70016, "Spagnola", "s", "s", NULL, NULL, "2018/2019", 4, "188E", 8, 1
271, "Bianchi", "Maria", 20271, "F02B7CACEE36F8FC", "E4F4A39D7E31900B", "m", "29/7/2003", 70046, "Turca", "s", "s", NULL, NULL, "2018/2019", 4, "D422", 6, 2
272, "Giannini", "Emanuele", 20272, "2B4E49E9BC15F7EE", "D8DBDE3B200A6BE8", "f", "19/1/2007", 70060, "Albanese", "n", "s", NULL, NULL, "2018/2019", 4, "179C", 10, 3
273, "Verdi", "Giuseppe", 20273, "B35B4ECDC960BA2B", "20F2EE77F03AF18D", "f", "10/2/2008", 70054, "Australiana", "s", "s", NULL, NULL, "2018/2019", 4, "3B7E", 10, 2
274, "Scalco", "Alex", 20274, "3DF59D3F56706BE8", "A4998A4DEB6ECFDF", "m", "5/7/2005", 70006, "Arabica", "n", "s", NULL, NULL, "2018/2019", 1, "A0BA", 7, 3
275, "Mirandola", "Giuseppe", 20275, "510BAAD91FC21D2C", "1ECCFA5D7D1285A3", "f", "3/6/2005", 70062, "Tedesca", "s", "n", NULL, NULL, "2018/2019", 3, "82E0", 6, 2
276, "Mirandola", "Antonio", 20276, "F8B7FCAC99A449A5", "BBBEBDEF33EEB309", "f", "18/8/2001", 70028, "Arabica", "n", "s", NULL, NULL, "2018/2019", 1, "E59D", 8, 1
277, "Bianchi", "Valentina", 20277, "3BFDE585E1FDEACB", "CAB6EEE99CEC765D", "f", "20/1/2005", 70001, "Polacca", "n", "s", NULL, NULL, "2018/2019", 4, "09B7", 9, 1
278, "Scalco", "Fabio", 20278, "B55CE58B27EF98FF", "2F4CE67DF9C1FC2B", "f", "28/9/2008", 70058, "Polacca", "n", "n", NULL, NULL, "2018/2019", 4, "EA8B", 10, 1
279, "Bianchi", "Giacomo", 20279, "EA35A7967C3A373C", "72E49BCB6D1651CC", "m", "20/11/2002", 70074, "Francese", "s", "n", NULL, NULL, "2018/2019", 2, "7EB3", 7, 3
280, "Giannini", "Giuseppe", 20280, "6FE48787DC127313", "FDBE238AB0B84C62", "f", "18/2/2001", 70005, "Tedesca", "n", "n", NULL, NULL, "2018/2019", 2, "1D6B", 9, 1
281, "Verdi", "Maria", 20281, "A31F30CAC34B79DE", "DC6FEA6A44F9BCCD", "f", "10/8/2010", 70032, "Australiana", "s", "n", NULL, NULL, "2018/2019", 4, "E55E", 9, 3
282, "Bianchi", "Giacomo", 20282, "CECB4C858AE500C4", "CDD5E3C2D3AE5CCE", "f", "3/6/2000", 70071, "Turca", "s", "s", NULL, NULL, "2018/2019", 4, "C5BE", 8, 1
283, "Giannini", "Antonio", 20283, "EE55EFFD50D2DBF3", "DF8D7BCECA2ABDCE", "m", "25/12/2008", 70018, "Australiana", "s", "n", NULL, NULL, "2018/2019", 5, "3AEF", 6, 2
284, "Valentini", "Giacomo", 20284, "FEAEC0ADAEA0C604", "FB55A8CECAEA074D", "m", "7/5/2000", 70023, "Polacca", "n", "n", NULL, NULL, "2018/2019", 1, "3A9F", 9, 1
285, "Verdi", "Giuseppe", 20285, "A6EBCEDA23B1ACE6", "A90B9D6AAC15F6B8", "f", "17/2/2010", 70047, "Italiana", "n", "s", NULL, NULL, "2018/2019", 4, "4F84", 10, 1
286, "Bianchi", "Roberto", 20286, "69A30D540CB6A5AC", "36A7BBCE96FC5DA0", "m", "2/2/2008", 70003, "Francese", "n", "s", NULL, NULL, "2018/2019", 3, "FE79", 8, 3
287, "Scalco", "Lucia", 20287, "8A5E31CD7A3EE818", "38535AA07EDBAAB1", "f", "4/4/2008", 70003, "Italiana", "s", "n", NULL, NULL, "2018/2019", 1, "A032", 8, 3
288, "Russo", "Tiziano", 20288, "6317FA062ED8600C", "FE1AFCCBFFFDCFBF", "f", "29/11/2008", 70054, "Italiana", "n", "n", NULL, NULL, "2018/2019", 3, "FA41", 8, 3
289, "Roberti", "Alex", 20289, "FF5EA29A829D4EC0", "C4DF4E62AD9EBA04", "f", "26/1/2005", 70054, "Italiana", "n", "n", NULL, NULL, "2018/2019", 4, "6524", 8, 1
290, "Mirandola", "Giacomo", 20290, "EBEA50A868D9BB56", "C4DBDF9DBE7D9B13", "f", "10/3/2001", 70010, "Italiana", "n", "s", NULL, NULL, "2018/2019", 3, "04DE", 10, 2
291, "Russo", "Roberto", 20291, "9AEC10CCAD5FFFDF", "87CCCC6BDCB6CEC9", "f", "20/5/2003", 70008, "Arabica", "s", "s", NULL, NULL, "2018/2019", 4, "BA43", 8, 3
292, "Scalco", "Maria", 20292, "F6C30F0A0E9E5CEA", "A6EBCEDA23B1ACE6", "f", "11/2/2003", 70004, "Italiana", "s", "s", NULL, NULL, "2018/2019", 3, "2ACC", 8, 1
293, "Russo", "Valentina", 20293, "2CD3BAB2D75DDF2F", "3BD8CB2DAC9EB0BB", "m", "11/3/2007", 70069, "Arabica", "s", "n", NULL, NULL, "2018/2019", 1, "0391", 10, 1
294, "Bianchi", "Giuseppe", 20294, "6FC13372370EBE8B", "DEB4F15BE4F9B5A8", "f", "19/2/2000", 70001, "Francese", "s", "n", NULL, NULL, "2018/2019", 2, "1B3E", 9, 2
295, "Valentini", "Maria", 20295, "62A2DDC3ECCE8D9A", "376AAECD6BEEDCBF", "m", "13/1/2005", 70067, "Italiana", "s", "n", NULL, NULL, "2018/2019", 3, "A060", 9, 2
296, "Scalco", "Roberto", 20296, "DC43FCAF68CEDCF9", "6CE4E2040B653047", "m", "24/6/2001", 70033, "Polacca", "s", "s", NULL, NULL, "2018/2019", 5, "0944", 6, 1
297, "Roberti", "Emanuele", 20297, "EB99BACA7315ADB5", "F85A55B316B5D1A1", "m", "6/6/2008", 70009, "Francese", "n", "s", NULL, NULL, "2018/2019", 5, "3F6E", 8, 1
298, "Rossi", "Emanuele", 20298, "9F8059BC5AD229D4", "DB0DD54B0E77BF9D", "f", "5/9/2004", 70020, "Spagnola", "s", "s", NULL, NULL, "2018/2019", 4, "DB0C", 6, 2
299, "Mirandola", "Giacomo", 20299, "8BF0A9F6619DEDDA", "DE6FED6EDF8BA5F4", "f", "30/1/2007", 70058, "Australiana", "n", "n", NULL, NULL, "2018/2019", 5, "D5E1", 10, 1
300, "Rossi", "Giacomo", 20300, "DB761CAD41CBA9A0", "DDA836F700D9DDEA", "f", "6/10/2001", 70020, "Polacca", "n", "s", NULL, NULL, "2018/2019", 5, "49BB", 10, 3
301, "Giannini", "Fabio", 20301, "7456F2BBEC8C2C0F", "3FBCBEEC72465B35", "f", "9/12/2010", 70039, "Polacca", "n", "n", NULL, NULL, "2018/2019", 2, "77DA", 6, 2
302, "Valentini", "Valentina", 20302, "15FC8FAA88AA83D6", "34FBD1A0C3968F1D", "m", "18/2/2001", 70073, "Francese", "n", "s", NULL, NULL, "2018/2019", 3, "FA0B", 7, 3
303, "Bianchi", "Giuseppe", 20303, "EDED2C136FBD4CF9", "DA64AD08EF4C89C2", "f", "18/10/2007", 70014, "Francese", "n", "s", NULL, NULL, "2018/2019", 2, "021B", 8, 1
304, "Russo", "Tiziano", 20304, "86281078CC94566A", "9E47FF0CCBECFC62", "m", "31/10/2007", 70046, "Italiana", "n", "n", NULL, NULL, "2018/2019", 1, "DE2B", 7, 3
305, "Verdi", "Fabio", 20305, "971AAAAB97652CAA", "22C73FB131960EFE", "f", "15/2/2002", 70050, "Arabica", "s", "s", NULL, NULL, "2018/2019", 4, "6C5D", 7, 1
306, "Valentini", "Giacomo", 20306, "C48C7EB37EE961DB", "EE71FCF30EF6BEBE", "f", "10/3/2008", 70050, "Turca", "s", "s", NULL, NULL, "2018/2019", 3, "FE6B", 6, 2
307, "Mirandola", "Fabio", 20307, "DE00CAEC6AEBC6FC", "FE773FEFBC0B3EDF", "m", "3/11/2004", 70013, "Tedesca", "n", "n", NULL, NULL, "2018/2019", 4, "25DC", 7, 2
308, "Giannini", "Roberto", 20308, "7D30FF4B291BA6DA", "2E4FD3021D9BB3A5", "m", "12/9/2003", 70050, "Australiana", "s", "n", NULL, NULL, "2018/2019", 1, "0EE9", 9, 2
309, "Scalco", "Roberto", 20309, "B8FDAC2A8341DA62", "3B7ED7772AFBB033", "f", "8/12/2000", 70040, "Tedesca", "s", "s", NULL, NULL, "2018/2019", 2, "B01A", 6, 3
310, "Valentini", "Tiziano", 20310, "D5A96DE2FFDC78FE", "44F728EF3DDEB9AE", "m", "25/9/2004", 70025, "Italiana", "n", "s", NULL, NULL, "2018/2019", 2, "DC54", 9, 2
311, "Mirandola", "Giacomo", 20311, "FEE019AC366BA8A9", "1ECCFA5D7D1285A3", "m", "8/4/2008", 70022, "Spagnola", "n", "n", NULL, NULL, "2018/2019", 1, "18DB", 6, 3
312, "Giannini", "Elia", 20312, "C56ABD0EBC2DBCFD", "0CFE87CA71BEBDC8", "f", "19/1/2006", 70022, "Spagnola", "s", "s", NULL, NULL, "2018/2019", 5, "9E88", 10, 3
313, "Mirandola", "Tiziano", 20313, "CA4CBAE6F1DBA8DB", "2E3654D2C4C50CF1", "f", "1/3/2002", 70027, "Italiana", "n", "n", NULL, NULL, "2018/2019", 5, "08A6", 10, 3
314, "Mirandola", "Elia", 20314, "CC8C32D1F7EBBCED", "4D8AE0DE1883D68A", "m", "10/6/2006", 70019, "Albanese", "n", "n", NULL, NULL, "2018/2019", 5, "58E8", 10, 1
315, "Russo", "Emanuele", 20315, "BE0F1EDCA019AFFB", "57F76DC9F5FB712D", "f", "24/12/2002", 70071, "Tedesca", "n", "s", NULL, NULL, "2018/2019", 3, "DDD7", 9, 3
316, "Valentini", "Fabio", 20316, "CD0CF41B9F9E04BC", "BBCEFCCEC56509FB", "m", "5/5/2008", 70046, "Italiana", "s", "s", NULL, NULL, "2018/2019", 5, "A025", 6, 2
317, "Bianchi", "Emanuele", 20317, "4D8AE0DE1883D68A", "FB03FFAEBFDB096D", "f", "23/5/2009", 70030, "Polacca", "n", "n", NULL, NULL, "2018/2019", 2, "B36D", 7, 3
318, "Scalco", "Antonio", 20318, "CAEF3CB0FDBF1EC0", "86281078CC94566A", "m", "12/1/2006", 70025, "Albanese", "n", "n", NULL, NULL, "2018/2019", 2, "FE08", 6, 1
319, "Giannini", "Roberto", 20319, "BBCEFCCEC56509FB", "D0F135FDBCF0CCC7", "m", "3/4/2003", 70008, "Francese", "s", "s", NULL, NULL, "2018/2019", 2, "F1B7", 6, 2
320, "Bianchi", "Giacomo", 20320, "1F7C8A7D4CECFBAF", "AF4E3D3AC53D8D0A", "m", "18/4/2005", 70073, "Tedesca", "n", "s", NULL, NULL, "2018/2019", 2, "C3BE", 9, 3
321, "Russo", "Antonio", 20321, "A83BECB7EBF1B845", "3BD8CB2DAC9EB0BB", "m", "1/10/2004", 70003, "Turca", "n", "s", NULL, NULL, "2018/2019", 5, "EBD2", 8, 3
322, "Russo", "Elia", 20322, "0CFE87CA71BEBDC8", "7BF9B89CC6646ADC", "f", "11/11/2002", 70041, "Spagnola", "s", "n", NULL, NULL, "2018/2019", 2, "4A4C", 10, 3
323, "Scalco", "Alex", 20323, "616BEFAB4E357B0D", "EE55EFFD50D2DBF3", "m", "12/11/2006", 70073, "Francese", "n", "s", NULL, NULL, "2018/2019", 1, "D21D", 10, 1
324, "Bianchi", "Alex", 20324, "FCFE8CB4E7F4D772", "EF4F5BA630BEDB1A", "m", "7/6/2010", 70075, "Francese", "s", "n", NULL, NULL, "2018/2019", 2, "7914", 6, 2
325, "Scalco", "Fabio", 20325, "F6CFCE9D877CBBB8", "C52A910AD659F36E", "f", "23/10/2007", 70042, "Australiana", "s", "n", NULL, NULL, "2018/2019", 2, "DFEA", 8, 3
326, "Verdi", "Elia", 20326, "26E52F0A1DA09BD2", "C4DBDF9DBE7D9B13", "f", "13/1/2007", 70075, "Australiana", "n", "n", NULL, NULL, "2018/2019", 1, "CB5C", 7, 2
327, "Bianchi", "Valentina", 20327, "BD97AEFDDFDDE5BD", "3B7ED7772AFBB033", "m", "8/6/2009", 70032, "Italiana", "n", "s", NULL, NULL, "2018/2019", 3, "D0C1", 7, 1
328, "Bianchi", "Roberto", 20328, "84AAAE3E3AF1AFC5", "65F62EBD6420F5ED", "m", "19/1/2006", 70043, "Spagnola", "s", "s", NULL, NULL, "2018/2019", 2, "ED73", 8, 2
329, "Verdi", "Maria", 20329, "DCC2775605EA5ECD", "F258C28FBC5E7DAE", "m", "7/1/2008", 70058, "Australiana", "n", "s", NULL, NULL, "2018/2019", 5, "D0A1", 9, 1
330, "Rossi", "Maria", 20330, "C058D7C88F721BCE", "CDFC240D96A9A160", "f", "21/3/2008", 70049, "Italiana", "n", "s", NULL, NULL, "2018/2019", 5, "BBB1", 9, 2
331, "Mirandola", "Antonio", 20331, "BC4EE2A2BC0150C6", "15FC8FAA88AA83D6", "m", "15/6/2009", 70059, "Arabica", "n", "n", NULL, NULL, "2018/2019", 3, "1FC3", 7, 3
332, "Rossi", "Elia", 20332, "241E0C0EDDF680DF", "7ECB7DEFEF6C3ADA", "m", "1/10/2008", 70006, "Francese", "s", "s", NULL, NULL, "2018/2019", 5, "CE54", 8, 2
333, "Roberti", "Giuseppe", 20333, "64218F3FDE04066F", "BD06BD7FEAE2D89B", "m", "26/3/2006", 70027, "Arabica", "n", "s", NULL, NULL, "2018/2019", 5, "F8CF", 7, 3
334, "Giannini", "Fabio", 20334, "B4E34575F218BAB0", "A0C128D2DBE8F5F2", "f", "24/7/2009", 70003, "Turca", "n", "s", NULL, NULL, "2018/2019", 5, "60DD", 6, 3
335, "Bianchi", "Emanuele", 20335, "3BDCC84AE3DC02A0", "62A2DDC3ECCE8D9A", "f", "9/12/2002", 70014, "Australiana", "n", "s", NULL, NULL, "2018/2019", 3, "FBEB", 9, 2
336, "Rossi", "Giacomo", 20336, "1D5D7BAFFF6FCDED", "FD66E5F89C8EE895", "f", "10/4/2003", 70026, "Francese", "n", "n", NULL, NULL, "2018/2019", 3, "FE7D", 9, 1
337, "Rossi", "Giacomo", 20337, "2F4CE67DF9C1FC2B", "B7B41E913D1CA99C", "m", "16/9/2000", 70074, "Italiana", "n", "n", NULL, NULL, "2018/2019", 4, "EFF0", 7, 1
338, "Giannini", "Tiziano", 20338, "6AF6EE9CDBC7E6F8", "FBEC9F43EBAAE4FE", "m", "27/11/2002", 70059, "Polacca", "s", "n", NULL, NULL, "2018/2019", 5, "BD74", 8, 1
339, "Bianchi", "Fabio", 20339, "F258C28FBC5E7DAE", "FB03FFAEBFDB096D", "m", "25/7/2002", 70068, "Spagnola", "n", "n", NULL, NULL, "2018/2019", 4, "9405", 7, 2
340, "Verdi", "Tiziano", 20340, "7ECB7DEFEF6C3ADA", "D3E20BD978E5F6F0", "m", "11/9/2003", 70056, "Albanese", "s", "s", NULL, NULL, "2018/2019", 5, "1ACE", 10, 1
341, "Scalco", "Alex", 20341, "8A6BC992A67994AF", "106F16FBF7CA2E4F", "m", "8/2/2010", 70012, "Spagnola", "n", "s", NULL, NULL, "2018/2019", 3, "A498", 9, 1
342, "Verdi", "Elia", 20342, "6CE4E2040B653047", "2AECE80426B8BADA", "f", "17/10/2007", 70009, "Tedesca", "s", "s", NULL, NULL, "2018/2019", 5, "0FB9", 9, 1
343, "Bianchi", "Alex", 20343, "D78B34B4B4CF3DCD", "6D44C69D0DD43F43", "f", "25/10/2004", 70010, "Australiana", "s", "s", NULL, NULL, "2018/2019", 3, "72B4", 8, 2
344, "Scalco", "Tiziano", 20344, "FFE77BA597E5AC2F", "DAC86E1C4B161628", "m", "23/10/2007", 70005, "Australiana", "s", "s", NULL, NULL, "2018/2019", 4, "80E8", 8, 3
345, "Giannini", "Emanuele", 20345, "D3CF244DAFACADF9", "A62FABDBCD54B758", "m", "29/1/2002", 70016, "Tedesca", "s", "n", NULL, NULL, "2018/2019", 2, "CCD3", 6, 3
346, "Verdi", "Emanuele", 20346, "CA6F7CADDD7972BF", "DDAC1D49BAC60DBF", "f", "3/3/2010", 70051, "Polacca", "s", "s", NULL, NULL, "2018/2019", 4, "07FD", 9, 1
347, "Roberti", "Antonio", 20347, "CDFC240D96A9A160", "C5FE9D39A26EA9B0", "m", "21/11/2006", 70044, "Francese", "s", "n", NULL, NULL, "2018/2019", 2, "DDFA", 8, 3
348, "Giannini", "Roberto", 20348, "BD4FAEB4DC2C6390", "DF8D7BCECA2ABDCE", "f", "23/12/2000", 70007, "Albanese", "n", "s", NULL, NULL, "2018/2019", 5, "1D1D", 9, 2
349, "Verdi", "Roberto", 20349, "FAA8CF7AC4A20C30", "ECCD67E51F652A92", "m", "31/1/2003", 70027, "Spagnola", "n", "s", NULL, NULL, "2018/2019", 1, "E6CD", 7, 2
350, "Verdi", "Fabio", 20350, "AA905AE6D3188BB4", "D0F135FDBCF0CCC7", "f", "18/10/2010", 70055, "Arabica", "s", "s", NULL, NULL, "2018/2019", 3, "DDC8", 8, 2
351, "Scalco", "Antonio", 20351, "F0BECCA1B8E3EF0F", "00DBBC3DB11FBB17", "f", "6/4/2007", 70029, "Italiana", "n", "s", NULL, NULL, "2018/2019", 1, "62CA", 10, 1
352, "Verdi", "Alex", 20352, "660C8F16A812784F", "E442023C70EB5D3E", "f", "12/7/2004", 70010, "Australiana", "s", "s", NULL, NULL, "2018/2019", 1, "D75A", 7, 2
353, "Valentini", "Elia", 20353, "43717C9BC7B0FDE3", "C1F6EA76E3F03FC8", "m", "31/5/2003", 70048, "Spagnola", "s", "s", NULL, NULL, "2018/2019", 2, "86DB", 6, 3
354, "Russo", "Valentina", 20354, "B50337ABE466DB95", "40CCA665F2C9A6D6", "m", "8/11/2006", 70072, "Polacca", "s", "n", NULL, NULL, "2018/2019", 5, "EEF7", 8, 2
355, "Bianchi", "Elia", 20355, "29B4DD8E4EC6AA01", "FBBD163ECD9BEC42", "f", "10/3/2009", 70051, "Australiana", "n", "n", NULL, NULL, "2018/2019", 1, "BC2E", 6, 2
356, "Bianchi", "Antonio", 20356, "A0C128D2DBE8F5F2", "93BBFACB49A3FC1A", "f", "26/5/2007", 70006, "Arabica", "n", "s", NULL, NULL, "2018/2019", 2, "DBBB", 9, 2
357, "Giannini", "Giuseppe", 20357, "7B2890D6EC6B316C", "2CBF22AEDC2D3E4C", "f", "8/11/2009", 70026, "Albanese", "s", "s", NULL, NULL, "2018/2019", 5, "7BCA", 9, 1
358, "Roberti", "Fabio", 20358, "20F2EE77F03AF18D", "DDAC1D49BAC60DBF", "m", "13/11/2001", 70008, "Polacca", "s", "n", NULL, NULL, "2018/2019", 1, "7E4C", 8, 3
359, "Roberti", "Maria", 20359, "E3E4CBEBF8C16FEB", "69A30D540CB6A5AC", "f", "2/8/2007", 70017, "Italiana", "n", "n", NULL, NULL, "2018/2019", 1, "A863", 7, 3
360, "Rossi", "Elia", 20360, "5C0EE56AEDBE5CAD", "6DBEA55FFF5AF88E", "f", "12/3/2008", 70073, "Australiana", "n", "s", NULL, NULL, "2018/2019", 1, "1D23", 8, 1
361, "Valentini", "Tiziano", 20361, "AFE25B2FC3004A0E", "2AECE80426B8BADA", "f", "11/5/2000", 70029, "Arabica", "s", "s", NULL, NULL, "2018/2019", 2, "F507", 8, 2
362, "Bianchi", "Giuseppe", 20362, "D0F135FDBCF0CCC7", "BB635CFBAC8FCF3B", "f", "29/8/2008", 70007, "Tedesca", "n", "s", NULL, NULL, "2018/2019", 2, "327E", 7, 1
363, "Roberti", "Valentina", 20363, "FE1AFCCBFFFDCFBF", "4CFFEF7CB11F7CC5", "m", "31/11/2010", 70002, "Francese", "s", "n", NULL, NULL, "2018/2019", 5, "F64E", 9, 3
364, "Russo", "Valentina", 20364, "F9AC57DC9A1479AC", "B5B4AEA5BB2F7E5C", "m", "17/2/2000", 70039, "Australiana", "n", "n", NULL, NULL, "2018/2019", 5, "3D91", 7, 2
365, "Russo", "Tiziano", 20365, "8B7CBDEE94FE4DCA", "4D2B143E44FBBEEF", "m", "12/10/2002", 70041, "Australiana", "n", "s", NULL, NULL, "2018/2019", 5, "72A2", 10, 1
366, "Mirandola", "Antonio", 20366, "DF8D7BCECA2ABDCE", "9FF3A5B00D96FD6C", "m", "21/10/2002", 70049, "Albanese", "n", "s", NULL, NULL, "2018/2019", 2, "ECCD", 7, 1
367, "Mirandola", "Fabio", 20367, "B84ECC7CEE9FFC1D", "E41F662BA176529A", "m", "23/5/2010", 70003, "Arabica", "s", "n", NULL, NULL, "2018/2019", 3, "CDAC", 7, 1
368, "Rossi", "Lucia", 20368, "BA1477164CD33852", "D3E28DA3D6DA5DAA", "f", "12/12/2002", 70047, "Polacca", "n", "s", NULL, NULL, "2018/2019", 3, "A6AA", 10, 3
369, "Verdi", "Emanuele", 20369, "A0D588842AECAEF0", "DC6FEA6A44F9BCCD", "m", "21/6/2003", 70051, "Polacca", "n", "n", NULL, NULL, "2018/2019", 4, "EBC4", 10, 2
370, "Russo", "Giuseppe", 20370, "FF11C3CFBDEE43A6", "FB03FFAEBFDB096D", "f", "17/10/2004", 70040, "Australiana", "s", "n", NULL, NULL, "2018/2019", 5, "5FBB", 7, 1
371, "Rossi", "Lucia", 20371, "DDD0DB3BB14D6EAF", "83824D056D1475FB", "m", "3/2/2003", 70049, "Italiana", "s", "n", NULL, NULL, "2018/2019", 3, "A31E", 8, 3
372, "Scalco", "Emanuele", 20372, "EFFD2F5B5ADEDEBE", "54FE70EDBBCD226D", "f", "29/3/2008", 70039, "Spagnola", "s", "s", NULL, NULL, "2018/2019", 4, "A6B8", 9, 3
373, "Roberti", "Alex", 20373, "ECCD67E51F652A92", "E4F4A39D7E31900B", "m", "4/8/2005", 70028, "Tedesca", "s", "n", NULL, NULL, "2018/2019", 4, "DFE6", 7, 1
374, "Rossi", "Giacomo", 20374, "E6CB69E555C8327F", "BF65531E7BA15841", "m", "3/11/2004", 70028, "Tedesca", "s", "s", NULL, NULL, "2018/2019", 5, "4CAD", 7, 3
375, "Mirandola", "Maria", 20375, "99F810C8C7A5B514", "C4DF4E62AD9EBA04", "m", "18/2/2001", 70017, "Tedesca", "n", "s", NULL, NULL, "2018/2019", 4, "55C7", 6, 1
376, "Bianchi", "Maria", 20376, "7CC5EBB8B326A892", "26E52F0A1DA09BD2", "f", "4/12/2004", 70062, "Turca", "n", "s", NULL, NULL, "2018/2019", 3, "B6F2", 10, 1
377, "Rossi", "Lucia", 20377, "E1FCCCFADEAFF4F5", "CDFC240D96A9A160", "f", "22/5/2007", 70075, "Italiana", "n", "n", NULL, NULL, "2018/2019", 2, "F955", 9, 3
378, "Rossi", "Giuseppe", 20378, "ADBAEAFEBA7929B3", "61B43659DF616743", "f", "2/2/2008", 70001, "Albanese", "n", "s", NULL, NULL, "2018/2019", 3, "77FA", 6, 3
379, "Rossi", "Valentina", 20379, "8655D7E2A7501744", "ABF8BC18CFD5A147", "f", "24/2/2006", 70037, "Australiana", "s", "n", NULL, NULL, "2018/2019", 5, "6B3A", 6, 1
380, "Rossi", "Giuseppe", 20380, "0BF1988BDB7F679D", "A62FABDBCD54B758", "m", "19/7/2002", 70032, "Albanese", "n", "s", NULL, NULL, "2018/2019", 5, "E73A", 7, 1
381, "Scalco", "Giacomo", 20381, "E2A0CD21ADEE8B9E", "4CFFEF7CB11F7CC5", "m", "9/2/2005", 70040, "Italiana", "n", "n", NULL, NULL, "2018/2019", 3, "97AF", 8, 1
382, "Russo", "Antonio", 20382, "E4F4A39D7E31900B", "8488D92BA5EAC712", "f", "18/1/2004", 70029, "Australiana", "s", "n", NULL, NULL, "2018/2019", 5, "D28F", 6, 1
383, "Verdi", "Giacomo", 20383, "A93C4DE6C949AD0B", "8A6BC992A67994AF", "f", "8/2/2008", 70005, "Italiana", "n", "s", NULL, NULL, "2018/2019", 1, "32AC", 8, 3
384, "Verdi", "Alex", 20384, "0DAAC02BB93ABC54", "F0AB41A3FD1DFBDA", "f", "13/4/2003", 70003, "Francese", "s", "s", NULL, NULL, "2018/2019", 1, "DE75", 9, 3
385, "Russo", "Tiziano", 20385, "FB55A8CECAEA074D", "3705AF7AD7DE677C", "f", "22/3/2000", 70057, "Turca", "n", "s", NULL, NULL, "2018/2019", 1, "0F8F", 6, 1
386, "Valentini", "Fabio", 20386, "CDD5E3C2D3AE5CCE", "E9CD6FCD0BFC68F1", "m", "6/9/2001", 70028, "Turca", "n", "s", NULL, NULL, "2018/2019", 1, "F3C5", 9, 3
387, "Rossi", "Alex", 20387, "A90B9D6AAC15F6B8", "8704568F8CFBAF79", "m", "20/6/2004", 70008, "Turca", "n", "s", NULL, NULL, "2018/2019", 2, "F4FB", 6, 3
388, "Bianchi", "Valentina", 20388, "C4DBDF9DBE7D9B13", "D8DBDE3B200A6BE8", "m", "31/2/2000", 70035, "Arabica", "s", "n", NULL, NULL, "2018/2019", 3, "EB47", 8, 1
389, "Rossi", "Lucia", 20389, "B0EFDE908331D248", "E15DBAA9288BA22A", "m", "5/5/2009", 70066, "Australiana", "s", "n", NULL, NULL, "2018/2019", 3, "4F1B", 10, 1
390, "Rossi", "Fabio", 20390, "A41F3FEE0EC29BCB", "F9FCEF6FCBFAD80A", "f", "24/12/2001", 70041, "Albanese", "n", "s", NULL, NULL, "2018/2019", 5, "BD4D", 6, 1
391, "Verdi", "Antonio", 20391, "F8F6B4F4298FC3BA", "DEA8B867CF0ED331", "m", "25/4/2007", 70047, "Polacca", "n", "s", NULL, NULL, "2018/2019", 4, "E910", 8, 1
392, "Bianchi", "Giuseppe", 20392, "80D4F418AC48514E", "6AAE678CC21DEADE", "m", "6/5/2007", 70039, "Tedesca", "s", "n", NULL, NULL, "2018/2019", 4, "3CB4", 6, 1
393, "Russo", "Giuseppe", 20393, "6C1EDE6FFDA4C08A", "EEED6EA9DEF173F1", "m", "24/4/2008", 70075, "Albanese", "s", "n", NULL, NULL, "2018/2019", 5, "D7FB", 8, 1
394, "Scalco", "Emanuele", 20394, "3E7FAAE7DACAD2EA", "B0EFDE908331D248", "m", "5/9/2006", 70075, "Tedesca", "n", "s", NULL, NULL, "2018/2019", 3, "1ABE", 6, 1
395, "Roberti", "Giacomo", 20395, "2AFEABF43AE3B24D", "BBCEFCCEC56509FB", "m", "29/5/2000", 70022, "Polacca", "s", "s", NULL, NULL, "2018/2019", 2, "DCA9", 8, 1
396, "Mirandola", "Giacomo", 20396, "FCC39BABA1FCAEDF", "A4998A4DEB6ECFDF", "m", "14/11/2008", 70032, "Tedesca", "s", "s", NULL, NULL, "2018/2019", 2, "ECBC", 9, 3
397, "Verdi", "Giuseppe", 20397, "5E23C5B8D7DEF693", "BA1477164CD33852", "m", "29/2/2008", 70023, "Italiana", "n", "n", NULL, NULL, "2018/2019", 5, "AACD", 6, 1
398, "Roberti", "Tiziano", 20398, "F8F9EADC16964B9C", "EF656A4F2F98BA1F", "m", "12/11/2006", 70025, "Spagnola", "s", "n", NULL, NULL, "2018/2019", 1, "BECC", 6, 3
399, "Valentini", "Tiziano", 20399, "BBBEBDEF33EEB309", "1D5D7BAFFF6FCDED", "f", "27/2/2002", 70009, "Italiana", "n", "s", NULL, NULL, "2018/2019", 1, "4078", 9, 2
400, "Bianchi", "Elia", 20400, "2204A97FE2BD9C28", "AFF68FB6DA8DDAF6", "m", "6/10/2003", 70046, "Turca", "n", "n", NULL, NULL, "2018/2019", 4, "ECFA", 6, 3
401, "Mirandola", "Giacomo", 20401, "5EE96DB31CABD8FD", "3BDCC84AE3DC02A0", "f", "18/8/2009", 70016, "Tedesca", "n", "s", NULL, NULL, "2018/2019", 3, "F78A", 6, 2
402, "Russo", "Roberto", 20402, "AFCBFFFEA7BF4FCF", "0CFDCF5634A973F2", "f", "24/4/2010", 70004, "Tedesca", "n", "n", NULL, NULL, "2018/2019", 3, "DCA7", 9, 3
403, "Mirandola", "Lucia", 20403, "4BF760B460A27BF2", "3FBCBEEC72465B35", "m", "19/11/2004", 70072, "Spagnola", "s", "n", NULL, NULL, "2018/2019", 4, "AF0D", 10, 1
404, "Rossi", "Roberto", 20404, "0BDAE3D8361163E9", "660C8F16A812784F", "m", "10/12/2002", 70074, "Polacca", "s", "n", NULL, NULL, "2018/2019", 3, "AD1C", 6, 3
405, "Valentini", "Elia", 20405, "620AF76C733C953F", "B083AEE6C09ECBFF", "f", "6/6/2006", 70067, "Australiana", "s", "s", NULL, NULL, "2018/2019", 2, "2E9A", 10, 1
406, "Roberti", "Antonio", 20406, "FF5B1520FEAAA85F", "EF656A4F2F98BA1F", "m", "11/11/2002", 70047, "Tedesca", "s", "s", NULL, NULL, "2018/2019", 1, "A2DA", 10, 2
407, "Valentini", "Lucia", 20407, "DDA836F700D9DDEA", "D4A89A7F2FDC30D9", "f", "29/4/2008", 70021, "Francese", "s", "n", NULL, NULL, "2018/2019", 5, "4DBB", 8, 2
408, "Mirandola", "Valentina", 20408, "9FF3A5B00D96FD6C", "BEFFED73B816EDAA", "m", "25/7/2001", 70003, "Francese", "n", "n", NULL, NULL, "2018/2019", 5, "A919", 10, 1
409, "Russo", "Valentina", 20409, "7D1E5FDBAFF8AB0A", "6C1EDE6FFDA4C08A", "m", "20/10/2009", 70012, "Albanese", "n", "s", NULL, NULL, "2018/2019", 1, "BE4E", 6, 2
410, "Verdi", "Alex", 20410, "1A33EAD35D35BD7D", "A7AFBF444DE6A8AD", "m", "4/7/2006", 70071, "Arabica", "n", "n", NULL, NULL, "2018/2019", 4, "AC2C", 8, 3
411, "Rossi", "Roberto", 20411, "1EF1974FCE7BF79D", "064367A5DE9FCEA5", "m", "14/9/2004", 70031, "Italiana", "s", "s", NULL, NULL, "2018/2019", 1, "AAD2", 9, 3
412, "Rossi", "Valentina", 20412, "05A61B741F0D2BD8", "36A7BBCE96FC5DA0", "f", "8/10/2005", 70002, "Australiana", "n", "n", NULL, NULL, "2018/2019", 3, "DFE6", 9, 1
413, "Scalco", "Elia", 20413, "C1F6EA76E3F03FC8", "E3CC1A4EBD23690B", "m", "5/4/2008", 70016, "Polacca", "s", "n", NULL, NULL, "2018/2019", 1, "12AB", 6, 1
414, "Russo", "Alex", 20414, "EC87CDF5CA3E89D2", "4D331EB717A86E00", "m", "29/10/2008", 70059, "Tedesca", "n", "n", NULL, NULL, "2018/2019", 2, "C6F0", 6, 3
415, "Valentini", "Alex", 20415, "BDC5FEBCCEF57E5E", "26DD3AF84BCD8ACD", "m", "10/2/2004", 70029, "Albanese", "s", "n", NULL, NULL, "2018/2019", 2, "1F61", 6, 3
416, "Russo", "Valentina", 20416, "BE64BEA97270EA27", "8A6BC992A67994AF", "f", "14/3/2010", 70024, "Tedesca", "n", "n", NULL, NULL, "2018/2019", 3, "EF71", 9, 3
417, "Valentini", "Alex", 20417, "D1D95F54EBBFEF5E", "18EEDDC7409DC5AD", "f", "1/12/2002", 70034, "Australiana", "s", "n", NULL, NULL, "2018/2019", 3, "86CF", 7, 2
418, "Rossi", "Giacomo", 20418, "CCCCBF30FB9FD204", "2A30EED40CAEDCAA", "m", "30/7/2004", 70015, "Albanese", "n", "n", NULL, NULL, "2018/2019", 3, "FDF4", 8, 3
419, "Bianchi", "Lucia", 20419, "54FE70EDBBCD226D", "AABDE741E10F4AE6", "m", "26/2/2007", 70032, "Polacca", "n", "n", NULL, NULL, "2018/2019", 2, "CCD9", 9, 1
420, "Valentini", "Antonio", 20420, "FDFB6EF49BFD4A4F", "1B6884A33DFE9A2B", "m", "7/9/2009", 70032, "Polacca", "n", "n", NULL, NULL, "2018/2019", 2, "1F9B", 10, 3
421, "Roberti", "Lucia", 20421, "BA405B806EAD6D47", "61B43659DF616743", "f", "5/4/2006", 70063, "Francese", "n", "n", NULL, NULL, "2018/2019", 3, "39A1", 10, 2
422, "Scalco", "Alex", 20422, "40CCA665F2C9A6D6", "FFBEE9278AF7AE12", "f", "28/8/2001", 70057, "Italiana", "s", "s", NULL, NULL, "2018/2019", 5, "DA76", 6, 3
423, "Valentini", "Giacomo", 20423, "F33EE63FEB9F614A", "4D8AE0DE1883D68A", "m", "22/8/2000", 70034, "Polacca", "n", "n", NULL, NULL, "2018/2019", 1, "A8E8", 9, 1
424, "Russo", "Fabio", 20424, "FDC989333DA9AD80", "F4565CA3A15C1A7A", "f", "16/6/2007", 70007, "Australiana", "s", "s", NULL, NULL, "2018/2019", 1, "92CF", 10, 2
425, "Mirandola", "Roberto", 20425, "FD6B10AE2BD0ADA6", "3801E74F8EE1BD9B", "m", "29/2/2010", 70002, "Spagnola", "n", "n", NULL, NULL, "2018/2019", 5, "ADDF", 9, 3
426, "Bianchi", "Valentina", 20426, "4BDACA7F0DB6AAFD", "18EEDDC7409DC5AD", "f", "3/5/2007", 70038, "Spagnola", "n", "s", NULL, NULL, "2018/2019", 5, "960D", 6, 1
427, "Mirandola", "Lucia", 20427, "2BE7ABBCC55CEBAB", "E6CB69E555C8327F", "m", "18/1/2004", 70072, "Spagnola", "s", "n", NULL, NULL, "2018/2019", 2, "ED03", 6, 3
428, "Roberti", "Alex", 20428, "4F39CC0A2FDFAACD", "4A43A0A4ACA5EE3D", "m", "12/6/2005", 70046, "Spagnola", "s", "s", NULL, NULL, "2018/2019", 5, "DA22", 6, 3
429, "Verdi", "Valentina", 20429, "C4DF4E62AD9EBA04", "AEA06BB1FFEDF6A3", "m", "21/6/2010", 70016, "Spagnola", "s", "s", NULL, NULL, "2018/2019", 2, "F3F1", 6, 1
430, "Scalco", "Giuseppe", 20430, "B5F2DBBEEDBABBD7", "30316520A34FEBEF", "f", "8/1/2002", 70031, "Italiana", "n", "n", NULL, NULL, "2018/2019", 5, "DDFC", 10, 1
431, "Verdi", "Fabio", 20431, "0CFDCF5634A973F2", "ACB7C1AEA7D7DD5A", "f", "14/2/2004", 70027, "Polacca", "s", "n", NULL, NULL, "2018/2019", 3, "018B", 6, 1
432, "Russo", "Alex", 20432, "EEAF4AA0CAABEAEE", "3DF59D3F56706BE8", "f", "16/6/2005", 70020, "Spagnola", "s", "n", NULL, NULL, "2018/2019", 1, "8ABD", 8, 1
433, "Valentini", "Valentina", 20433, "9C67B6CB3A78D85F", "CAABFB5AEC6F6AA5", "m", "31/12/2001", 70011, "Australiana", "n", "n", NULL, NULL, "2018/2019", 3, "D06E", 9, 1
434, "Roberti", "Alex", 20434, "47903DD20F718CD6", "68AE3CCD4BEA448D", "m", "2/4/2010", 70070, "Australiana", "n", "n", NULL, NULL, "2018/2019", 4, "7AB5", 10, 1
435, "Russo", "Giuseppe", 20435, "36A7BBCE96FC5DA0", "D3E20BD978E5F6F0", "f", "20/8/2004", 70035, "Spagnola", "s", "s", NULL, NULL, "2018/2019", 1, "B9A5", 6, 3
436, "Verdi", "Roberto", 20436, "064367A5DE9FCEA5", "E4DAA6EBFCDEE45E", "f", "10/6/2006", 70011, "Spagnola", "n", "s", NULL, NULL, "2018/2019", 2, "C732", 7, 2
437, "Valentini", "Elia", 20437, "AFF68FB6DA8DDAF6", "3FEA2DDFE72DF6FD", "f", "5/5/2008", 70056, "Polacca", "s", "n", NULL, NULL, "2018/2019", 1, "3CA1", 9, 2
438, "Giannini", "Giuseppe", 20438, "93665BE9D8A1B9CA", "AABA18A4C271140A", "m", "1/3/2009", 70068, "Polacca", "n", "n", NULL, NULL, "2018/2019", 3, "0E47", 7, 3
439, "Roberti", "Antonio", 20439, "B0BF8311EF2FFB59", "7ECB7DEFEF6C3ADA", "f", "1/9/2005", 70073, "Australiana", "s", "s", NULL, NULL, "2018/2019", 2, "BB8E", 8, 1
440, "Mirandola", "Giacomo", 20440, "AD2AC2FAB05BFDC1", "CDD5E3C2D3AE5CCE", "f", "22/7/2009", 70040, "Albanese", "s", "s", NULL, NULL, "2018/2019", 3, "85A8", 9, 1
441, "Valentini", "Lucia", 20441, "3E6237FFECDECAA7", "29B4DD8E4EC6AA01", "m", "9/12/2004", 70064, "Albanese", "s", "s", NULL, NULL, "2018/2019", 1, "7DBF", 10, 3
442, "Bianchi", "Lucia", 20442, "7EDB6AD72F2F501C", "B56FE1A4BBC96FB2", "f", "18/7/2001", 70072, "Turca", "n", "s", NULL, NULL, "2018/2019", 3, "AB14", 8, 1
443, "Russo", "Alex", 20443, "589F5E1BD2DCA03A", "46DB1EAF467FE4F1", "m", "10/11/2008", 70062, "Arabica", "s", "s", NULL, NULL, "2018/2019", 5, "A867", 9, 3
444, "Valentini", "Lucia", 20444, "7CA874D3D6E61FB1", "C52A910AD659F36E", "m", "4/5/2000", 70055, "Tedesca", "s", "n", NULL, NULL, "2018/2019", 3, "DFD3", 9, 1
445, "Giannini", "Tiziano", 20445, "C2C1CD8EE9AFBBEC", "6AF6EE9CDBC7E6F8", "m", "5/3/2009", 70058, "Tedesca", "n", "n", NULL, NULL, "2018/2019", 1, "CFE0", 6, 2
446, "Roberti", "Emanuele", 20446, "F0AB41A3FD1DFBDA", "36A7BBCE96FC5DA0", "m", "13/2/2006", 70058, "Polacca", "n", "n", NULL, NULL, "2018/2019", 2, "F57A", 7, 1
447, "Verdi", "Maria", 20447, "BC0D1701DFEF6091", "BA405B806EAD6D47", "f", "10/4/2007", 70012, "Arabica", "s", "n", NULL, NULL, "2018/2019", 1, "4FFF", 7, 1
448, "Verdi", "Lucia", 20448, "74DF8E641ADEBEBA", "72E49BCB6D1651CC", "f", "5/11/2000", 70061, "Tedesca", "n", "n", NULL, NULL, "2018/2019", 4, "09CA", 6, 1
449, "Mirandola", "Tiziano", 20449, "CAB6EEE99CEC765D", "B55CE58B27EF98FF", "m", "12/12/2008", 70057, "Polacca", "s", "s", NULL, NULL, "2018/2019", 1, "8A50", 10, 2
450, "Bianchi", "Tiziano", 20450, "DCC3AAAAE31AEEF5", "84AAAE3E3AF1AFC5", "f", "22/10/2008", 70000, "Albanese", "s", "n", NULL, NULL, "2018/2019", 5, "50CB", 8, 3
451, "Scalco", "Antonio", 20451, "A4998A4DEB6ECFDF", "C3F070F4EBCCF0DC", "m", "23/2/2009", 70004, "Australiana", "n", "s", NULL, NULL, "2018/2019", 4, "C592", 8, 2
452, "Russo", "Elia", 20452, "0BCDE4DCDCB7C34C", "E3CC1A4EBD23690B", "m", "19/6/2002", 70006, "Polacca", "s", "n", NULL, NULL, "2018/2019", 3, "EDE6", 10, 1
453, "Rossi", "Alex", 20453, "DCF95559687BCC23", "B105A5D5CEB7140D", "f", "22/3/2007", 70005, "Polacca", "s", "n", NULL, NULL, "2018/2019", 3, "B00F", 7, 2
454, "Rossi", "Giuseppe", 20454, "CEF63FBFBD0BB205", "EA86F97DBEEC1A2A", "f", "31/7/2008", 70062, "Arabica", "n", "n", NULL, NULL, "2018/2019", 1, "D18B", 8, 2
455, "Scalco", "Elia", 20455, "6DEC50A5BE6FCDF7", "8655D7E2A7501744", "m", "15/5/2001", 70015, "Australiana", "n", "n", NULL, NULL, "2018/2019", 3, "22EC", 6, 1
456, "Roberti", "Alex", 20456, "EEED6EA9DEF173F1", "86281078CC94566A", "m", "4/3/2004", 70001, "Italiana", "s", "n", NULL, NULL, "2018/2019", 3, "8B8A", 9, 2
457, "Bianchi", "Maria", 20457, "E9625FBF3BDE9B6F", "D9EEAA19ABDC5FCA", "f", "6/10/2006", 70003, "Tedesca", "s", "n", NULL, NULL, "2018/2019", 3, "BF9B", 7, 2
458, "Verdi", "Giacomo", 20458, "3801E74F8EE1BD9B", "EE71FCF30EF6BEBE", "f", "13/5/2002", 70004, "Polacca", "n", "s", NULL, NULL, "2018/2019", 2, "AE4A", 8, 1
459, "Rossi", "Roberto", 20459, "EA3C4BE8B7DDCF3A", "AABA18A4C271140A", "m", "8/11/2008", 70063, "Albanese", "n", "n", NULL, NULL, "2018/2019", 4, "C31B", 9, 3
460, "Rossi", "Valentina", 20460, "AA8BC1F5C83B91AF", "C1F6EA76E3F03FC8", "m", "15/12/2002", 70074, "Tedesca", "s", "n", NULL, NULL, "2018/2019", 2, "9F2C", 6, 3
461, "Russo", "Giuseppe", 20461, "F4C194BFF0E73AFA", "7B2890D6EC6B316C", "f", "4/5/2004", 70044, "Spagnola", "n", "s", NULL, NULL, "2018/2019", 5, "BDE2", 8, 1
462, "Russo", "Giacomo", 20462, "BFE6FEF14E266D1A", "99F810C8C7A5B514", "m", "25/3/2005", 70048, "Australiana", "s", "n", NULL, NULL, "2018/2019", 5, "0DBE", 8, 1
463, "Russo", "Maria", 20463, "ACB7C1AEA7D7DD5A", "B8BEA99E93EED3A6", "m", "31/4/2002", 70037, "Francese", "s", "n", NULL, NULL, "2018/2019", 5, "EBE4", 8, 2
464, "Giannini", "Lucia", 20464, "F6B3FB9AC59FF78F", "B083AEE6C09ECBFF", "f", "2/9/2008", 70027, "Spagnola", "n", "s", NULL, NULL, "2018/2019", 5, "B616", 6, 2
465, "Rossi", "Maria", 20465, "4F423F80733D08AD", "AEAD9474C46BD078", "f", "13/5/2007", 70036, "Tedesca", "n", "n", NULL, NULL, "2018/2019", 3, "75BF", 10, 1
466, "Russo", "Roberto", 20466, "FCDA3D4B2CFEB02C", "05AE7FEA7DEC2B7D", "f", "14/7/2003", 70013, "Tedesca", "s", "s", NULL, NULL, "2018/2019", 3, "CA47", 6, 2
467, "Valentini", "Giuseppe", 20467, "2AECE80426B8BADA", "3DF59D3F56706BE8", "m", "19/10/2003", 70026, "Polacca", "n", "n", NULL, NULL, "2018/2019", 4, "DDB9", 6, 3
468, "Mirandola", "Roberto", 20468, "166B4DA43CB8BD3F", "3E6237FFECDECAA7", "f", "16/9/2009", 70064, "Tedesca", "n", "n", NULL, NULL, "2018/2019", 1, "ACBE", 10, 1
469, "Verdi", "Fabio", 20469, "8488D92BA5EAC712", "C5FE9D39A26EA9B0", "m", "14/4/2001", 70033, "Albanese", "s", "n", NULL, NULL, "2018/2019", 1, "9B1B", 9, 1
470, "Rossi", "Alex", 20470, "FB03FFAEBFDB096D", "BBBEBDEF33EEB309", "m", "4/4/2003", 70059, "Arabica", "n", "n", NULL, NULL, "2018/2019", 4, "DBD2", 7, 2
471, "Scalco", "Roberto", 20471, "BD06BD7FEAE2D89B", "6DEC50A5BE6FCDF7", "f", "2/1/2007", 70057, "Polacca", "s", "s", NULL, NULL, "2018/2019", 5, "975C", 7, 3
472, "Rossi", "Antonio", 20472, "DBD1F4FCDCAC4E5F", "18EEDDC7409DC5AD", "f", "20/3/2008", 70048, "Australiana", "s", "s", NULL, NULL, "2018/2019", 2, "96FB", 6, 3
473, "Scalco", "Giuseppe", 20473, "61B43659DF616743", "BDC5FEBCCEF57E5E", "f", "14/9/2000", 70034, "Polacca", "n", "s", NULL, NULL, "2018/2019", 2, "048A", 10, 1
474, "Bianchi", "Alex", 20474, "EE7CBCD04AEA5766", "0EBEEFCAC25EDD92", "m", "30/11/2002", 70069, "Australiana", "s", "s", NULL, NULL, "2018/2019", 2, "AFFA", 7, 1
475, "Mirandola", "Alex", 20475, "C52A910AD659F36E", "F33EE63FEB9F614A", "m", "27/11/2003", 70007, "Spagnola", "n", "n", NULL, NULL, "2018/2019", 2, "BDD6", 10, 1
476, "Rossi", "Alex", 20476, "A21A8A9ABDA9CA5B", "DCC3AAAAE31AEEF5", "f", "28/5/2005", 70075, "Polacca", "s", "s", NULL, NULL, "2018/2019", 4, "3717", 7, 1
477, "Mirandola", "Lucia", 20477, "EB8F89FEDE71388E", "FB55A8CECAEA074D", "f", "15/5/2007", 70005, "Polacca", "s", "s", NULL, NULL, "2018/2019", 3, "AC24", 9, 2
478, "Rossi", "Antonio", 20478, "EFCCCFBCFB7ECAF6", "ADFFA739DD347EAF", "m", "8/2/2007", 70003, "Australiana", "s", "s", NULL, NULL, "2018/2019", 1, "4FD8", 6, 1
479, "Verdi", "Tiziano", 20479, "C8FE64F2C1EEBC7F", "FAFCE2DF6EA7668A", "f", "24/1/2001", 70045, "Albanese", "n", "s", NULL, NULL, "2018/2019", 5, "0BFD", 7, 1
480, "Giannini", "Emanuele", 20480, "9BCFC5C2404DEC3B", "3DAD69CCB7A7CF9D", "f", "14/11/2009", 70037, "Turca", "s", "s", NULL, NULL, "2018/2019", 3, "0EA4", 9, 3
481, "Giannini", "Fabio", 20481, "DE6FED6EDF8BA5F4", "36A7BBCE96FC5DA0", "f", "24/11/2005", 70058, "Tedesca", "s", "s", NULL, NULL, "2018/2019", 1, "8B41", 7, 1
482, "Russo", "Fabio", 20482, "E442023C70EB5D3E", "D9EEAA19ABDC5FCA", "f", "8/1/2006", 70063, "Spagnola", "n", "s", NULL, NULL, "2018/2019", 2, "9342", 9, 2
483, "Mirandola", "Valentina", 20483, "5A90BC2E7ABF6F77", "F33EE63FEB9F614A", "m", "29/10/2009", 70000, "Albanese", "n", "n", NULL, NULL, "2018/2019", 5, "7A52", 6, 1
484, "Russo", "Maria", 20484, "FAFCE2DF6EA7668A", "8A7DCA44AB35BBFF", "f", "18/1/2000", 70069, "Tedesca", "s", "n", NULL, NULL, "2018/2019", 5, "EDEF", 7, 2
485, "Scalco", "Valentina", 20485, "26DD3AF84BCD8ACD", "74C8AE4CEBACCAD3", "f", "22/10/2006", 70000, "Tedesca", "s", "n", NULL, NULL, "2018/2019", 5, "A5FB", 10, 1
486, "Roberti", "Antonio", 20486, "2CBF22AEDC2D3E4C", "589F5E1BD2DCA03A", "f", "19/3/2007", 70007, "Francese", "n", "n", NULL, NULL, "2018/2019", 1, "E93B", 7, 1
487, "Russo", "Giacomo", 20487, "6ADD06FABA900756", "8EDF98AD45F5DE9C", "f", "24/10/2002", 70053, "Polacca", "n", "s", NULL, NULL, "2018/2019", 4, "EA01", 10, 3
488, "Giannini", "Maria", 20488, "DC6FEA6A44F9BCCD", "E4DAA6EBFCDEE45E", "f", "25/6/2000", 70037, "Spagnola", "n", "n", NULL, NULL, "2018/2019", 4, "CCAF", 7, 1
489, "Mirandola", "Elia", 20489, "C58F14ABF20FB692", "7D1E5FDBAFF8AB0A", "m", "12/11/2004", 70054, "Italiana", "n", "s", NULL, NULL, "2018/2019", 1, "E2D0", 6, 3
490, "Rossi", "Elia", 20490, "E9CD6FCD0BFC68F1", "CA4CBAE6F1DBA8DB", "f", "12/8/2006", 70059, "Australiana", "s", "n", NULL, NULL, "2018/2019", 3, "ABBA", 9, 2
491, "Giannini", "Fabio", 20491, "BD9CADCC4320C6EB", "25BB7CBD4A9E9B8B", "f", "14/10/2007", 70064, "Arabica", "s", "s", NULL, NULL, "2018/2019", 4, "CFAF", 7, 3
492, "Valentini", "Valentina", 20492, "EEBB8E342B8C4DC6", "E3DFA36EC39BFDD5", "f", "3/1/2007", 70004, "Turca", "s", "s", NULL, NULL, "2018/2019", 4, "3BF0", 10, 1
493, "Scalco", "Antonio", 20493, "2E4FD3021D9BB3A5", "5C0EE56AEDBE5CAD", "f", "21/4/2007", 70044, "Australiana", "s", "n", NULL, NULL, "2018/2019", 3, "3C49", 9, 3
494, "Russo", "Tiziano", 20494, "1EC19BEDD6B57A33", "5ED4DEDD906CE705", "m", "8/2/2001", 70016, "Arabica", "s", "s", NULL, NULL, "2018/2019", 1, "4CE0", 6, 2
495, "Rossi", "Lucia", 20495, "0BA4CAA4DDD3DFBB", "6AF6EE9CDBC7E6F8", "f", "14/9/2002", 70042, "Arabica", "n", "n", NULL, NULL, "2018/2019", 5, "BBD9", 8, 2
496, "Rossi", "Giuseppe", 20496, "E6E1B4E4FA67F0B0", "AFCBFFFEA7BF4FCF", "f", "14/1/2007", 70030, "Turca", "s", "s", NULL, NULL, "2018/2019", 3, "FB26", 7, 1
497, "Roberti", "Roberto", 20497, "FDBE238AB0B84C62", "510BAAD91FC21D2C", "m", "21/1/2000", 70019, "Francese", "s", "s", NULL, NULL, "2018/2019", 3, "E7B2", 6, 2
498, "Mirandola", "Giuseppe", 20498, "44F728EF3DDEB9AE", "B56FE1A4BBC96FB2", "m", "30/2/2001", 70054, "Italiana", "s", "n", NULL, NULL, "2018/2019", 3, "67B4", 6, 3
499, "Valentini", "Valentina", 20499, "FE773FEFBC0B3EDF", "EFFD2F5B5ADEDEBE", "f", "16/9/2008", 70003, "Albanese", "n", "s", NULL, NULL, "2018/2019", 2, "C8FB", 6, 3
500, "Mirandola", "Emanuele", 20500, "18EEDDC7409DC5AD", "DCC2775605EA5ECD", "m", "24/11/2002", 70033, "Italiana", "s", "s", NULL, NULL, "2018/2019", 2, "298E", 6, 3
